https://refugies.info/fr/dispositif/6273aa39cea6dd9ac356d8f6;6 à 12 mois;;Entre;6 - 12;mois;;;;;;;;;FALSE;FALSE;
https://refugies.info/fr/dispositif/63984b81fd1bf4e22792e5c2;;Avoir un diplôme secondaire;;;;;;;;;;;;FALSE;TRUE;à écrire dans accordéon
https://refugies.info/fr/dispositif/6399a90a6ef79f63d5e2b767;Avoir le niveau de fin de lycée;;;;;;;;;;Avoir le niveau de fin de lycée;;;FALSE;FALSE;
https://refugies.info/fr/dispositif/6399a90a6ef79f63d5e2b768;Avoir le niveau de fin de lycée;;;;;;;;;;Avoir le niveau de fin de lycée;;;FALSE;FALSE;
https://refugies.info/fr/dispositif/6399a90a6ef79f63d5e2b769;Avoir le niveau de fin de lycée<br>;;Exactement;2;semestres;Exactement;12;heures;semaine;Lundi, Mardi, Mercredi;Avoir le niveau de fin de lycée;;;FALSE;FALSE;
https://refugies.info/fr/dispositif/6399a90b6ef79f63d5e2b789;Avoir le niveau de fin de lycée;;;;;;;;;;Avoir le niveau de fin de lycée;;;FALSE;FALSE;
https://refugies.info/fr/dispositif/6399a90b6ef79f63d5e2b78a;Avoir le niveau de fin de lycée;;;;;;;;;;;;;FALSE;FALSE;
https://refugies.info/fr/dispositif/63a09096e05318191f096919;Avoir le niveau de fin de lycée<br>;Compte bancaire;;;;;;;;;Avoir un compte bancaire;;;FALSE;TRUE;Ajouter "Avoir le niveau de fin de lycée" dans l'infocard conditions
https://refugies.info/fr/dispositif/63a09096e05318191f09691d;Avoir le niveau de fin de lycée<br>;;;;;;;;;;Avoir le niveau de fin de lycée;;;FALSE;FALSE;
https://refugies.info/fr/dispositif/6422ea3cc65d03d082bb0309;;Avoir le niveau de fin de lycée;;;;;;;;;Avoir le niveau de fin de lycée;;;FALSE;FALSE;
https://refugies.info/fr/dispositif/5ce79f4683983700167bc8c7;1h ou toute une vie;;;;;;;;;;;;;TRUE;FALSE;
https://refugies.info/fr/dispositif/5ce80fdfbe522800168295a9;;Compte bancaire;;;;;;;;;Avoir un compte bancaire;;;FALSE;FALSE;
https://refugies.info/fr/dispositif/5ce7ab7383983700167bc9da;2 rencontres par mois;;;;;Minimum;2;séances;mois;;;;;FALSE;FALSE;Lien vers formulaire périmé
https://refugies.info/fr/dispositif/5d9affbee544a50016d6e899;6 semaines;être inscrit à Pôle Emploi<br>;Exactement;6;semaines;;;;;;Être inscrit à Pôle Emploi;;;FALSE;FALSE;
https://refugies.info/fr/dispositif/5dcd86f8e6e6560016169eb7;6 semaines;;Exactement;6;semaines;;;;;;;;;FALSE;FALSE;Pôle Edito : dernier accordéon de la fiche est vide
https://refugies.info/fr/dispositif/5dda50864527bf004c9c4a2d;6 à 12 mois;;Entre;6 - 12;mois;;;;;;;Réfugiés statutaires, Bénéficiaires de la protection subsidiaire;;FALSE;FALSE;
https://refugies.info/fr/dispositif/5dd6b8dee4054f004bef46c2;;Pour les professionnels de l'insertion;;;;;;;;;;;;FALSE;TRUE;Ecrire "Pour les professionnels de l'insertion"
https://refugies.info/fr/dispositif/5ddbaea730109a00537d1a44;;Ne pas être dans un Dispositif National d'Accueil (CADA, CPH, HUDA)<br>;;;;;;;;;;Réfugiés statutaires, Bénéficiaires de la protection subsidiaire, Apatrides;;FALSE;TRUE;Ecrire "Ne pas être dans un Dispositif National d'Accueil (CADA, CPH, HUDA)"
https://refugies.info/fr/dispositif/5dd56c0b35dde00016e38315;6 semaines<br>;Paris;Entre;6 - 16;semaines;Exactement;2;séances;semaine;;;;;FALSE;TRUE;Modifier l'infocard Zone d'action --> Paris
https://refugies.info/fr/dispositif/5dbff557b13f680016d5eba6;une matinée;Uniquement sur rendez-vous;Exactement;1;séances;;;;;;;;;FALSE;TRUE;Ecrire "Uniquement sur rendez-vous" dans Comment je m'engage et ajouter "une matinée"
https://refugies.info/fr/dispositif/5dc29cb05ad26c0016d3b2c5;6 à 12 mois;;Minimum;6;mois;Minimum;1;séances;mois;;;;;FALSE;FALSE;
https://refugies.info/fr/dispositif/5dceb3412bfef2004f1bcca6;6 à 24 mois;CIR signé / Cours OFII terminés;Entre;6 - 24;mois;;;;;;Avoir signé le CIR et terminé les cours OFII;;;FALSE;FALSE;
https://refugies.info/fr/dispositif/5dcbf8a4bf58800016849320;1 an et demi;;Exactement;1.5;mois;;;;;;;;;FALSE;FALSE;Pôle Edito : lien pété dans Je m'engage
https://refugies.info/fr/dispositif/5df7979521431b004e139c3c;9 mois;L'école de JRS est aujourd'hui complète!;Exactement;9;mois;Exactement;4;séances;semaine;;;;;FALSE;FALSE;
https://refugies.info/fr/dispositif/5ddd3155cd3c6f0050b215f7;6 à 24 mois<br>;;Entre;6 - 24;mois;Exactement;2;demi-journées;semaine;;;;;FALSE;FALSE;
https://refugies.info/fr/dispositif/5df8bddc21431b004e13a806;;Sur smartphone et tablette;;;;;;;;;;;;FALSE;TRUE;Cocher Ressource en ligne
https://refugies.info/fr/dispositif/5e1480f60cf6fd0051b52064;De 6 à 24 mois;Vous devez avoir signé un Contrat d’Intégration Républicaine (CIR);Entre;6 - 24;mois;;;;;;Avoir signé le CIR et terminé les cours OFII;;;FALSE;FALSE;
https://refugies.info/fr/dispositif/5dde51f1ac4289004ee1487c;de 8 à 17 mois;;;;;;;;;;Être inscrit à Pôle Emploi;;;FALSE;TRUE;Cocher Ressource en ligne
https://refugies.info/fr/dispositif/5ddd0135cd3c6f0050b20d73;2 à 4 mois<br>;;Entre;2 - 4;mois;;;;;;;;;FALSE;FALSE;
https://refugies.info/fr/dispositif/5df76ead21431b004e139a04;3 à 4 mois<br>;;Entre;3 - 4;mois;;;;;;;;;FALSE;FALSE;
https://refugies.info/fr/dispositif/5dfa35e9bbf48b0050bce4ba;De 2 à 6 mois;;Entre;2 - 6;mois;;;;;;Avoir son titre de séjour ou son récépissé, Avoir signé le CIR et terminé les cours OFII;;;FALSE;FALSE;
https://refugies.info/fr/dispositif/5ddfe80700db44004e071640;1 semaine à 9 mois;;Maximum;9;mois;;;;;;;;;FALSE;FALSE;
https://refugies.info/fr/dispositif/5ddfc54400db44004e071193;4 mois;Compte bancaire;Exactement;4;mois;;;;;;Avoir un compte bancaire;;;FALSE;FALSE;
https://refugies.info/fr/dispositif/5e7b1dbe1eaf4d0051d9ed8b;1 heure;;Environ;1;heures;;;;;;;;;FALSE;TRUE;Cocher Ressource en ligne
https://refugies.info/fr/dispositif/5e7b26d91eaf4d0051d9ef11;15 minutes;;Environ;0.25;heures;;;;;;;;;FALSE;TRUE;Cocher Ressource en ligne
https://refugies.info/fr/dispositif/5e7b292c1eaf4d0051d9efe2;2 minutes et plus;Plein de langues disponibles !;;;;;;;;;;;;TRUE;FALSE;Cocher Ressource en ligne
https://refugies.info/fr/dispositif/5e81b7530f3ff1005039ba89;;Ce n’est pas un numéro d’appel d’urgence;;;;;;;;Lundi, Mardi, Mercredi, Jeudi, Vendredi, Samedi;;;;FALSE;FALSE;
https://refugies.info/fr/dispositif/5e82f17c0f3ff1005039d9e1;;En cas d'urgence ou de danger immédiat, appelez le 17;;;;;;;;;;;;FALSE;TRUE;Ecrire dans un "Important" : "En cas d'urgence ou de danger immédiat, appelez le 17"
https://refugies.info/fr/dispositif/5e7b26171eaf4d0051d9eed9;3 minutes et plus;;;;;;;;;;;;;TRUE;FALSE;Cocher Ressource en ligne
https://refugies.info/fr/dispositif/5e3ace51ca16ad0056c9d1f7;6 mois;;Exactement;6;mois;Exactement;1;séances;semaine;;;;;FALSE;FALSE;
https://refugies.info/fr/dispositif/5e7b28231eaf4d0051d9ef58;5 minutes et plus;;;;;;;;;;;;;FALSE;TRUE;Cocher Ressource en ligne
https://refugies.info/fr/dispositif/5e7e15360f3ff1005039965f;1h;Disponible en plusieurs langues<br>;;;;;;;;Lundi, Mardi, Mercredi, Jeudi, Vendredi;;;;FALSE;TRUE;Ecrire "Consultations d'une heure"
https://refugies.info/fr/dispositif/5e42cdb9f9fa02004e265e4a;2 à 5 heures;;Entre;2 - 5;heures;;;;;Lundi, Mardi, Mercredi, Jeudi, Vendredi;;;;FALSE;FALSE;
https://refugies.info/fr/dispositif/5e4fa48a4ea2fd004ee0e0cd;1 à 6 mois<br>;;Maximum;6;mois;;;;;;;;;FALSE;FALSE;Pôle Edito : lien mort dans "Venez nous rencontrer directement"
https://refugies.info/fr/dispositif/5e7c68341eaf4d0051da1126;3 heures minimum;Le suivi de ces cours ne permet pas d'obtenir un certificat de niveau de langues.;Minimum;3;heures;;;;;;;;;FALSE;TRUE;Cocher Ressource en ligne et Ecrire dans un "Important" : "Le suivi de ces cours ne permet pas d'obtenir un certificat de niveau de langues. "
https://refugies.info/fr/dispositif/5ea9a67cc2622f004e5f26b5;6 mois;;Exactement;6;mois;;;;;;;;;FALSE;FALSE;
https://refugies.info/fr/dispositif/5e77cbea0c9490004e55c85a;le plus longtemps possible!;;;;;;;;;;;;;TRUE;FALSE;
https://refugies.info/fr/dispositif/5e8b36b40f3ff100503ad93b;A chaque fois que vous avez besoin;Appel au prix d'une communication locale;;;;;;;;;;;;FALSE;TRUE;Ecrire "Appel au prix d'une communication locale" dans un "Important" et cocher Ressource en ligne
https://refugies.info/fr/dispositif/5e418a0ef9fa02004e26555e;1 mois à 1 an;;Maximum;1;années;;;;;;;;;FALSE;FALSE;
https://refugies.info/fr/dispositif/5f3bf8f1a6b0cb005a643e9e;6 à 12 mois;Signataires du CIR depuis - de 5 ans;Entre;6 - 12;mois;;;;;Lundi, Mardi, Jeudi, Vendredi;Avoir signé le CIR et terminé les cours OFII;;;FALSE;TRUE;Ecrire "Signataires du CIR depuis - de 5 ans"
https://refugies.info/fr/dispositif/5f4cf7f6e12b3a006762941f;13 semaines<div><br></div>;;Exactement;13;semaines;Exactement;5;heures;semaine;;Avoir le niveau de fin de lycée;Demandeurs d'asile, Réfugiés statutaires, Bénéficiaires de la protection subsidiaire;;FALSE;FALSE;
https://refugies.info/fr/dispositif/5f50df09d57488005ff3da34;6 à 18 mois;;Entre;6 - 18;mois;;;;;;;;;FALSE;FALSE;
https://refugies.info/fr/dispositif/5f2172f25a4884005c809934;Autant que de besoin;;;;;;;;;;;;Jeunes;FALSE;FALSE;
https://refugies.info/fr/dispositif/5f5f2dbfd153510045eea4be;12 mois;;Exactement;1;années;;;;;;;;;FALSE;FALSE;
https://refugies.info/fr/dispositif/5f5f2dcad153510045eea4bf;Semestriel<br>;;Minimum;1;semestres;;;;;;;;;FALSE;FALSE;
https://refugies.info/fr/dispositif/5f5f2dd3d153510045eea4c6;15 mois;;Maximum;15;mois;;;;;;;;;FALSE;FALSE;
https://refugies.info/fr/dispositif/5f5f3123d153510045eea520;1 journée;Nécessité d'être bénéficiaire de la CSS;Environ;1;journées;;;;;;;;;FALSE;TRUE;Ecrire "Nécessité d'être bénéficiaire de la CSS"
https://refugies.info/fr/dispositif/5f636cbdf7343d004610c06d;;Sans limite;;;;;;;;;;;;FALSE;FALSE;
https://refugies.info/fr/dispositif/5f636d35f7343d004610c080;6 à 12 mois;;;;;;;;;;;;;FALSE;FALSE;
https://refugies.info/fr/dispositif/5f636de2f7343d004610c09c;1 mois à 2 ans;;Maximum;2;années;;;;;;;;;FALSE;FALSE;
https://refugies.info/fr/dispositif/5f6471d58aff180048d0a1a1;9 mois;;Exactement;9;mois;;;;;;;;;FALSE;FALSE;
https://refugies.info/fr/dispositif/5f72f7fe0aab6900460c386b;6 à 12 mois;Bénéficier d'un accompagnement social;Entre;6 - 12;mois;;;;;;;;;FALSE;TRUE;Bénéficier d'un accompagnement social
https://refugies.info/fr/dispositif/5f7ed9575e0d1400466bfe73;2 à 24 mois;;Entre;2 - 24;mois;;;;;;;;;FALSE;FALSE;
https://refugies.info/fr/dispositif/5f9184befc486c0047ef528b;8 mois;;Exactement;8;mois;Exactement;26;heures;semaine;;;;;FALSE;FALSE;
https://refugies.info/fr/dispositif/5f9188cbfc486c0047ef533f;6 mois<br>;;Exactement;6;mois;;;;;;;;;FALSE;FALSE;
https://refugies.info/fr/dispositif/5f918a87fc486c0047ef5382;6 à 12 mois;;Entre;6 - 12;mois;;;;;;;;;FALSE;FALSE;
https://refugies.info/fr/dispositif/5f918cc4fc486c0047ef53cc;;300 h de formation;Exactement;300;heures;;;;;;;;;FALSE;FALSE;
https://refugies.info/fr/dispositif/5f918fbafc486c0047ef548d;12 à 36 mois<br>;Compte bancaire;Entre;12 - 36;mois;;;;;;Avoir un compte bancaire;;;FALSE;FALSE;
https://refugies.info/fr/dispositif/5f91937afc486c0047ef5546;;Compte bancaire;;;;;;;;;Avoir un compte bancaire;;;FALSE;FALSE;
https://refugies.info/fr/dispositif/5f9199f8fc486c0047ef571c;12 mois;;Environ;12;mois;;;;;;;;;FALSE;FALSE;Lien du bouton "voir le site" est pété
https://refugies.info/fr/dispositif/5f91a254fc486c0047ef57c9;Selon les cas<br>;Public : étrangers primo-arrivants <br>;;;;;;;;;;Demandeurs d'asile, Réfugiés statutaires, Bénéficiaires de la protection subsidiaire, Bénéficiaires de la protection temporaire, Apatrides;;FALSE;FALSE;
https://refugies.info/fr/dispositif/5f929c08fc486c0047ef5d80;;Exclusivement sur orientation;;;;;;;;;;;;FALSE;TRUE;Engagement : Exclusivement sur orientation
https://refugies.info/fr/dispositif/5f929d92fc486c0047ef5d8c;;Offre valable selon vos ressources;;;;;;;;;;;;FALSE;FALSE;
https://refugies.info/fr/dispositif/5f92a0adfc486c0047ef5ddc;;Domiciliation à Merignac;;;;;;;;;;Tous les publics;;FALSE;FALSE;
https://refugies.info/fr/dispositif/5f96bcc0feb94b0046c103db;;Être domicilié en Haute-Garonne (31);;;;;;;;;;;Familles et enfants;FALSE;FALSE;
https://refugies.info/fr/dispositif/5f983271feb94b0046c10f8d;12 mois;Niveau Baccalauréat minimum;Environ;12;mois;;;;;;Avoir le niveau de fin de lycée;Bénéficiaires de la protection subsidiaire, Bénéficiaires de la protection temporaire, Apatrides;;FALSE;FALSE;
https://refugies.info/fr/dispositif/5f99295b0d11d30047321efe;9 mois;;Exactement;9;mois;;;;;;;Bénéficiaires de la protection subsidiaire, Bénéficiaires de la protection temporaire, Apatrides;;FALSE;FALSE;
https://refugies.info/fr/dispositif/5f9a97a96e3ea80047c11184;de 12 à 24 mois;;Entre;1 - 2;années;;;;;;;Bénéficiaires de la protection subsidiaire, Bénéficiaires de la protection temporaire, Apatrides;;FALSE;FALSE;
https://refugies.info/fr/dispositif/5fb3a265a7a48a0046f50bfe;3 à 4 semaines;;Entre;3 - 4;semaines;;;;;;;Tous les publics;;FALSE;FALSE;
https://refugies.info/fr/dispositif/5fb3a3f9a7a48a0046f50c81;;contrat CDDI;Maximum;2;années;;;;;;;Réfugiés statutaires, Bénéficiaires de la protection subsidiaire, Bénéficiaires de la protection temporaire, Apatrides, Citoyens français;;FALSE;FALSE;
https://refugies.info/fr/dispositif/5fb3a560a7a48a0046f50cba;2 ans maximum;;Maximum;2;années;;;;;;;Réfugiés statutaires, Bénéficiaires de la protection subsidiaire, Bénéficiaires de la protection temporaire, Apatrides;;FALSE;FALSE;
https://refugies.info/fr/dispositif/5fb3a9b4a7a48a0046f50d91;6 à 12 mois;;;;;;;;;;;Réfugiés statutaires, Bénéficiaires de la protection subsidiaire, Bénéficiaires de la protection temporaire, Apatrides;;FALSE;FALSE;
https://refugies.info/fr/dispositif/5fb3aa1ba7a48a0046f50dbc;6 à 12 mois;;Exactement;8;séances;;;;;;;Réfugiés statutaires, Bénéficiaires de la protection subsidiaire, Bénéficiaires de la protection temporaire, Apatrides;;FALSE;FALSE;
https://refugies.info/fr/dispositif/5fb532beebfcd000146c1b75;illimitée;;;;;;;;;;;Réfugiés statutaires, Bénéficiaires de la protection subsidiaire, Bénéficiaires de la protection temporaire, Apatrides;Familles et enfants, Femmes;FALSE;FALSE;
https://refugies.info/fr/dispositif/5fb7b7421c295a0014105ce2;10 semaines;Réfugié et protection subsidiaire;Exactement;10;semaines;;;;;;Être inscrit à Pôle Emploi;Réfugiés statutaires, Bénéficiaires de la protection subsidiaire, Bénéficiaires de la protection temporaire, Apatrides;;FALSE;FALSE;
https://refugies.info/fr/dispositif/5fbbc52b2f01cd0014671761;12 à 24 mois;;Entre;1 - 2;années;;;;;;;Réfugiés statutaires, Bénéficiaires de la protection subsidiaire, Bénéficiaires de la protection temporaire, Apatrides;;FALSE;FALSE;
https://refugies.info/fr/dispositif/5fbce57170951300145d6ca3;6 à 12 mois;;;;;;;;;;;;;TRUE;FALSE;
https://refugies.info/fr/dispositif/5fbf636157ea0e00142fac3a;12 mois<br>;Compte bancaire;Minimum;12;mois;;;;;;Avoir un compte bancaire;Réfugiés statutaires, Bénéficiaires de la protection subsidiaire, Bénéficiaires de la protection temporaire, Apatrides;;FALSE;FALSE;
https://refugies.info/fr/dispositif/5fbf7e53c9f633001482764b;6 mois, renouvelable pour 3 mois;Possibilité d'être accompagné à domicile;Entre;6 - 9;mois;;;;;;;Réfugiés statutaires, Bénéficiaires de la protection subsidiaire, Bénéficiaires de la protection temporaire, Apatrides;;FALSE;TRUE;Important : Possibilité d'être accompagné à domicile Durée : 6 mois, renouvelable pour 3 mois
https://refugies.info/fr/dispositif/5fbfbc352eff630014f5fe10;6 semaines;;Exactement;6;semaines;Exactement;4;journées;semaine;Lundi, Mardi, Jeudi, Vendredi;;Réfugiés statutaires, Bénéficiaires de la protection subsidiaire, Bénéficiaires de la protection temporaire, Apatrides;;FALSE;FALSE;
https://refugies.info/fr/dispositif/5fbfbe552eff630014f5fe15;6 mois;Réservé aux services civiques;Environ;6;mois;;;;;;;Réfugiés statutaires, Bénéficiaires de la protection subsidiaire, Bénéficiaires de la protection temporaire, Apatrides;;FALSE;TRUE;Important : Réservé aux services civiques
https://refugies.info/fr/dispositif/5fbfc0e469bac10014a9e814;6-24 mois;;Entre;6 - 24;mois;;;;;;;Réfugiés statutaires, Bénéficiaires de la protection subsidiaire, Bénéficiaires de la protection temporaire, Apatrides;;FALSE;FALSE;
https://refugies.info/fr/dispositif/5fbfc22269bac10014a9e821;600 heures maximum;;Maximum;600;heures;;;;;;;;;FALSE;TRUE;Lien comment je m'engage : (je m'inscris)
https://refugies.info/fr/dispositif/5fc0a4800a3c7c001533ac2e;1 jour;;;;;;;;;;;;;FALSE;TRUE;Une fiche périmé
https://refugies.info/fr/dispositif/5fc657009a8c390014f12346;indéterminée;;;;;;;;;;;Réfugiés statutaires, Bénéficiaires de la protection subsidiaire, Bénéficiaires de la protection temporaire, Apatrides;;FALSE;FALSE;
https://refugies.info/fr/dispositif/5fc6581d9a8c390014f1234f;2 ans<br>;Compte bancaire;Maximum;2;années;Exactement;4;heures;semaine;;Avoir un compte bancaire;Demandeurs d'asile, Réfugiés statutaires, Bénéficiaires de la protection subsidiaire, Bénéficiaires de la protection temporaire, Apatrides;;FALSE;FALSE;
https://refugies.info/fr/dispositif/5fdb6f2d6dbefd0014cceae3;3 mois;;Exactement;3;mois;Exactement;12;heures;semaine;;;Demandeurs d'asile, Réfugiés statutaires, Bénéficiaires de la protection subsidiaire, Bénéficiaires de la protection temporaire, Apatrides;;FALSE;FALSE;
https://refugies.info/fr/dispositif/5fdcbc1c8d6fa00014f645b5;Durée de la location;;;;;;;;;;;Réfugiés statutaires, Bénéficiaires de la protection subsidiaire, Bénéficiaires de la protection temporaire, Apatrides;;TRUE;TRUE;Important : Être domicilié dans le Puy-de-Dôme
https://refugies.info/fr/dispositif/5fe0baef18d0a50014798f6d;;Être domicilié dans le Puy-de-Dôme;;;;;;;;;;;;FALSE;FALSE;
https://refugies.info/fr/dispositif/5ff85c1b3922290014bd2052;Indéterminée <br>;;;;;;;;;;;;;TRUE;FALSE;
https://refugies.info/fr/dispositif/60019780bf1abc0014d04a00;Session de 4 mois renouvelable;Pas pour les débutants<br>;Exactement;4;mois;Exactement;12;heures;semaine;;;;;FALSE;TRUE;Ajouter qq part "Session de 4 mois renouvelable"
https://refugies.info/fr/dispositif/6017d5ad1dbd390014db8b5c;En fonction des missions de bénévolat;;;;;;;;;;;;;TRUE;TRUE;Ajouter "La durée varie en fonction des missions de bénévolat"
https://refugies.info/fr/dispositif/6018370cd158930014c3c734;Modulable;;;;;;;;;;;;;TRUE;FALSE;
https://refugies.info/fr/dispositif/601abce6c8597d0014cbcec6;2h30;;Exactement;2.5;heures;;;;;;;;;FALSE;FALSE;
https://refugies.info/fr/dispositif/601c184a9f69df0014499c36;5 mois;;Exactement;5;mois;;;;;;;;;FALSE;FALSE;
https://refugies.info/fr/dispositif/6021326305fd07001477173d;;Contrats CDDI;Maximum;2;années;Environ;30;heures;semaine;;;;;FALSE;FALSE;
https://refugies.info/fr/dispositif/602a40775e206e00147d5230;6 à 12 mois;;Entre;6 - 12;mois;;;;;;;;;FALSE;FALSE;
https://refugies.info/fr/dispositif/602a56342bb80b0014cc570b;5,5 mois;Inscrit à Pôle emploi et CIR terminé;Exactement;5.5;mois;;;;;;Avoir signé le CIR et terminé les cours OFII, Être inscrit à Pôle Emploi;;;FALSE;FALSE;
https://refugies.info/fr/dispositif/602bcfc31a1ab20014fc7d08;6 semaines;;Exactement;6;semaines;;;;;;Avoir son titre de séjour ou son récépissé;Primo-arrivants;;FALSE;FALSE;
https://refugies.info/fr/dispositif/602d2284925f80001440a646;Selon votre situation financière;;;;;;;;;;;;;FALSE;TRUE;Ajouter qq part "Durée : Selon votre situation financière"
https://refugies.info/fr/dispositif/603396d1fdf6f80014caf002;6 à 12 mois;;Entre;6 - 12;mois;;;;;;;;;FALSE;FALSE;
https://refugies.info/fr/dispositif/6035048866ec880014e6e849;6 à 12 mois;;Entre;6 - 12;mois;;;;;;Avoir signé le CIR et terminé les cours OFII;;;FALSE;FALSE;
https://refugies.info/fr/dispositif/6039082a6b9f7e0014892600;Personnalisée;Signature du CIR;;;;;;;;;Avoir signé le CIR et terminé les cours OFII;;;FALSE;FALSE;
https://refugies.info/fr/dispositif/603e59acb19e1a00154b3ea8;2 ans;;Exactement;2;années;;;;;;;;;FALSE;FALSE;Pôle Edito : le formulaire du C'est quoi et Comment je m'engage va vers un site en maintenance
https://refugies.info/fr/dispositif/603f9ed06aec1700143471b3;;Être domicilié dans le Cantal;;;;;;;;;;;;TRUE;TRUE;Ajouter qq part "Être domicilié dans le Cantal "
https://refugies.info/fr/dispositif/603fc01d7e319900146336a5;100 heures;;Exactement;100;heures;;;;;;Avoir signé le CIR et terminé les cours OFII;;;FALSE;FALSE;
https://refugies.info/fr/dispositif/60421a384cab920014345def;;Il faut être inscrit à Pole emploi;Exactement;200;heures;;;;;;Être inscrit à Pôle Emploi;;;FALSE;FALSE;
https://refugies.info/fr/dispositif/60422bf3e98c27001596cbb5;1 matinée;Il faut avoir une carte vitale<br>;Exactement;1;demi-journées;;;;;;;;;FALSE;TRUE;Ajouter qq part "Il faut avoir une carte vitale"
https://refugies.info/fr/dispositif/6044c5faf46a4800149ac61a;10 semaines;Seulement pour les femmes<br>;Exactement;10;semaines;Exactement;8;heures;semaine;;;;Femmes;FALSE;FALSE;
https://refugies.info/fr/dispositif/60473439065cf90014a4a3da;Au trajet, mois ou année<br>;;;;;;;;;;;;;TRUE;FALSE;
https://refugies.info/fr/dispositif/6049fa9acc6c420014548604;12 mois<br>;N'être ni en emploi, ni en formation;Exactement;1;années;;;;;;;;;FALSE;TRUE;Ajouter qq part "N'être ni en emploi, ni en formation."
https://refugies.info/fr/dispositif/604b65225e8088001406117b;8 mois, 28h/semaine;;Exactement;8;mois;Exactement;28;heures;semaine;Mardi, Mercredi, Jeudi, Vendredi;;;;FALSE;FALSE;
https://refugies.info/fr/dispositif/604f676d27b7dc0014557431;;Être domicilié dans l'Allier;;;;;;;;;;;;TRUE;TRUE;Être domicilié dans l'Allier
https://refugies.info/fr/dispositif/6050bf3da3f2ce0014289558;4 mois<br>;;Exactement;4;mois;;;;;;;;;FALSE;FALSE;
https://refugies.info/fr/dispositif/6050c85f343f1e00149cd786;6 mois <br>;;Exactement;6;mois;;;;;;;;;FALSE;FALSE;
https://refugies.info/fr/dispositif/6050ceeaa3f2ce001428955d;9 mois <br>;;Exactement;9;mois;;;;;;;;;FALSE;FALSE;
https://refugies.info/fr/dispositif/6050d114a3f2ce001428955f;2h, 6 fois/an;Être inscrit(e) en étude supérieure;Exactement;6;séances;Exactement;2;heures;séance;;;Primo-arrivants;;FALSE;TRUE;Ajouter qq part "Être inscrit(e) en étude supérieure"
https://refugies.info/fr/dispositif/6051dffbbf0a6d0014ee6806;Minimum 6 mois;;Minimum;6;mois;;;;;;;;;FALSE;FALSE;
https://refugies.info/fr/dispositif/60520f8cbf0a6d0014ee680c;2h;;Exactement;2;heures;;;;;;Avoir signé le CIR et terminé les cours OFII;;;FALSE;FALSE;
https://refugies.info/fr/dispositif/60521752bf0a6d0014ee6810;1 mois;Être disponible 2j/semaines;Exactement;10;séances;Exactement;7;heures;séance;;Être inscrit à Pôle Emploi;;;FALSE;TRUE;Ajouter qq part "Etre disponible 2 jours par semaine pendant 1 mois" et "Ne pas avoir déjà fait la formation OFII"
https://refugies.info/fr/dispositif/60532487464aa50014a1fb90;3j/ semaines, 3 mois <br>;Être disponible 3 jours / semaine;Environ;3;mois;Exactement;3;journées;semaine;;Être inscrit à Pôle Emploi;;;FALSE;FALSE;
https://refugies.info/fr/dispositif/60533337464aa50014a1fb93;;Etre domicilié dans le Rhône;;;;;;;;;;;;FALSE;TRUE;Ajouter qq part "Etre domicilié dans le Rhône"
https://refugies.info/fr/dispositif/605862854765060014c5f124;15 jours - 1 mois;Femmes étrangères et/ou primo-arrivantes;Entre;0.5 - 1;mois;;;;;;;Primo-arrivants;Femmes;FALSE;FALSE;
https://refugies.info/fr/dispositif/605b0740af551b00149d074a;40 à 60 heures<br>;;Entre;40 - 60;heures;;;;;;;;;FALSE;FALSE;
https://refugies.info/fr/dispositif/605b0c16af551b00149d074b;Maximum 2 ans;;Maximum;2;années;;;;;;;;;FALSE;FALSE;
https://refugies.info/fr/dispositif/605b0cbcaf551b00149d074c;1 mois à 2 ans;;Maximum;2;années;;;;;;;;;TRUE;FALSE;
https://refugies.info/fr/dispositif/605b0e50af551b00149d074d;;Etre domicilié dans l'Hérault;;;;;;;;;;;;TRUE;FALSE;
https://refugies.info/fr/dispositif/605b2e68c210dd00144a06af;7 mois, 26h/semaine<br>;;Exactement;7;mois;Exactement;26;heures;semaine;;;;;TRUE;FALSE;
https://refugies.info/fr/dispositif/605b3a34c210dd00144a06b0;;Etre domicilié dans le Tarn-et-Garonne;;;;;;;;;;;;FALSE;FALSE;
https://refugies.info/fr/dispositif/605b3e9cc210dd00144a06b1;;Etre domicilié dans l'Ariège;;;;;;;;;;;;FALSE;FALSE;
https://refugies.info/fr/dispositif/605b43aac210dd00144a06b2;;Etre domicilié dans le Lot;;;;;;;;;;;;FALSE;FALSE;
https://refugies.info/fr/dispositif/605b4d4cc210dd00144a06b5;110h, 3j/semaine<br>;;Environ;110;heures;Exactement;3;journées;semaine;;;;;FALSE;FALSE;
https://refugies.info/fr/dispositif/605c4699f216740014a51f1c;12 mois;;Environ;12;mois;;;;;;;;Jeunes;FALSE;FALSE;
https://refugies.info/fr/dispositif/605c70faf216740014a51f3a;1/2 journée<br>;;Environ;0.5;journées;;;;;;;;;FALSE;FALSE;
https://refugies.info/fr/dispositif/605c972be5424d0014b4c827;6 à 12 mois;Public : étrangers primo-arrivants;;;;;;;;;;;;FALSE;FALSE;
https://refugies.info/fr/dispositif/605daa876ac8c200146b37cf;9 mois <br>;;Environ;9;mois;;;;;;;Réfugiés statutaires, Bénéficiaires de la protection subsidiaire, Apatrides;;FALSE;FALSE;
https://refugies.info/fr/dispositif/605db516dbaa7600145297fb;6 à 12 mois;;;;;;;;;;;;;TRUE;FALSE;
https://refugies.info/fr/dispositif/605dbfe25b99ca0014a9feb1;Pendant l'année universitaire;;;;;;;;;;;;;TRUE;FALSE;
https://refugies.info/fr/dispositif/605ddba48704e10014644a5b;1 semestre (sept-déc / janv-mai)<br>;;Environ;1;semestres;;;;;;;;;FALSE;TRUE;1 semestre (sept-déc / janv-mai)
https://refugies.info/fr/dispositif/6062dc7dc776cf001414ad1d;6 à 24 mois;Titre de séjour;Entre;6 - 24;mois;;;;;;Avoir son titre de séjour ou son récépissé;;;FALSE;FALSE;
https://refugies.info/fr/dispositif/606443eacce02a00140ab4dd;8 mois octobre à juin;;Environ;8;mois;;;;;;;;;FALSE;FALSE;
https://refugies.info/fr/dispositif/6065af380774da00142298b5;6 à 18 mois<br>;;Entre;6 - 18;mois;;;;;;;;;FALSE;FALSE;
https://refugies.info/fr/dispositif/606d6780728cab0015076794;6 - 24 mois;Formation OFII déjà réalisée;Entre;6 - 24;mois;;;;;; Avoir signé le CIR et terminé les cours OFII,;;;FALSE;FALSE;
https://refugies.info/fr/dispositif/606eb3baf1ab0700152063ba;1h;;;;;;;;;;;;;FALSE;FALSE;
https://refugies.info/fr/dispositif/606f15873246f600157c8e42;26h/semaine. 7 mois;Il faut être inscrit à Pôle Emploi;Environ;7;mois;Environ;26;heures;semaine;;Avoir signé le CIR et terminé les cours OFII, Être inscrit à Pôle Emploi;;;FALSE;FALSE;
https://refugies.info/fr/dispositif/6073f840cf9a8c00148cc1d0;50 heures;;Environ;50;heures;;;;;;;;;FALSE;FALSE;
https://refugies.info/fr/dispositif/6079953757ea9300141dd6b6;1 an;;Environ;1;années;;;;;;;;;FALSE;FALSE;
https://refugies.info/fr/dispositif/607d6b318f7dce0014c7ea5c;Selon votre situation financière;;;;;;;;;;;;;TRUE;FALSE;
https://refugies.info/fr/dispositif/6081260663a3100015e4abcc;6 à 12 mois;;;;;;;;;;;;;TRUE;FALSE;
https://refugies.info/fr/dispositif/6086b60812df5d0014da8aa7;illimité;;;;;;;;;;;;;TRUE;FALSE;
https://refugies.info/fr/dispositif/60882c2b9cd0aa0014aab660;12 mois;Avoir des ressources pour payer le loyer;Maximum;1;années;;;;;;;;;FALSE;TRUE;Bien vérifier l'infocard payant
https://refugies.info/fr/dispositif/608928f68886740014d14391;1h;;Environ;1;heures;;;;;;;;;FALSE;FALSE;
https://refugies.info/fr/dispositif/608a7692ace0950014cab3f8;12 mois;;Environ;1;années;;;;;;;;;FALSE;FALSE;
https://refugies.info/fr/dispositif/608a8b9cace0950014cab3fc;40heures;;Environ;40;heures;;;;;;;;;FALSE;FALSE;
https://refugies.info/fr/dispositif/608aa9c2cd085e0014cab9f5;12 mois;;Environ;1;années;;;;;;;;;FALSE;FALSE;
https://refugies.info/fr/dispositif/608f9bc1ffda4900143c4fd9;de 4 à 24 mois;;Entre;4 - 24;mois;;;;;;;;;FALSE;FALSE;
https://refugies.info/fr/dispositif/608feb34e5c3c90014038d68;de 7 à 24 mois;Avoir le Permis B;Entre;7 - 24;mois;;;;;;Avoir son permis B;;;FALSE;FALSE;
https://refugies.info/fr/dispositif/6092995c91aec8001474e84e;4 mois;;Environ;4;mois;;;;;;;;;FALSE;FALSE;
https://refugies.info/fr/dispositif/60952f5068648100143ee646;12 à 24 mois;;Entre;1 - 2;années;;;;;;;;;FALSE;FALSE;
https://refugies.info/fr/dispositif/60acf1c84ea69d001460acf6;;Ne pas avoir de couverture maladie;;;;;;;;;;;;TRUE;FALSE;
https://refugies.info/fr/dispositif/60b641adaecb9f0014da5163;12 mois;Avoir un titre de séjour;Environ;1;années;;;;;;Avoir son titre de séjour ou son récépissé;;;FALSE;FALSE;
https://refugies.info/fr/dispositif/60b7819d03101d00149a8f25;2j/semaine;Vous devez avoir signé le CIR;;;;Environ;2;journées;semaine;;Avoir signé le CIR et terminé les cours OFII;;Femmes;FALSE;FALSE;
https://refugies.info/fr/dispositif/60dc1e67bc818b001412599e;7 heures minimum pour évaluation;;Minimum;7;heures;;;;;;;;;FALSE;FALSE;
https://refugies.info/fr/dispositif/60dc27c90cef8300144dc81f;300 Heures;;Environ;300;heures;;;;;;;;;FALSE;FALSE;
https://refugies.info/fr/dispositif/60f048d0be71150014d92a66;jusqu'à 24 mois;;Maximum;2;années;;;;;;;;;FALSE;FALSE;
https://refugies.info/fr/dispositif/60f5523d75d5980014162a70;3 mois renouvelables;;Entre;3 - 6;mois;;;;;;;;;FALSE;FALSE;
https://refugies.info/fr/dispositif/60f6e2a00d6f000014b37ab4;6 mois<br>;Avoir terminé le CIR<br>;Environ;6;mois;;;;;;Avoir signé le CIR et terminé les cours OFII;;;FALSE;FALSE;
https://refugies.info/fr/dispositif/60f6f151676f3b00141e07fd;3 à 10 mois;;Entre;3 - 10;mois;;;;;;;;;FALSE;FALSE;
https://refugies.info/fr/dispositif/60f7ea4bdecb2a001465524e;1 à 2 semaines;;Entre;1 - 2;semaines;;;;;;;;;FALSE;FALSE;
https://refugies.info/fr/dispositif/6104498b81cc270014444933;9 mois;;Minimum;9;mois;;;;;;;;;FALSE;FALSE;
https://refugies.info/fr/dispositif/6124ecb2b82f500013bd9ac6;0 à 24 mois;;Maximum;2;années;;;;;;;;;FALSE;FALSE;
https://refugies.info/fr/dispositif/6124f426b82f500013bd9ebf;0 à 24 mois;;Maximum;2;années;;;;;;;;;FALSE;FALSE;
https://refugies.info/fr/dispositif/6124f6c0b82f500013bda003;0 à 24 mois;;Maximum;2;années;;;;;;;;;FALSE;FALSE;
https://refugies.info/fr/dispositif/6128ac7457c31500145d9d57;Septembre à juin;;;;;;;;;;;;;FALSE;FALSE;
https://refugies.info/fr/dispositif/6149a51d34220400149021f1;;Etre domicilié en Ardèche;;;;;;;;;;;;TRUE;FALSE;
https://refugies.info/fr/dispositif/61697bd81ce814001409bb86;2 semaines<br>;;Environ;2;semaines;;;;;;;;;FALSE;FALSE;
https://refugies.info/fr/dispositif/616d329fcd3c5c00147dd608;3 mois;;Environ;3;mois;;;;;;;;;FALSE;FALSE;
https://refugies.info/fr/dispositif/616d33f1cd3c5c00147dd738;18 mois;Avoir un titre de séjour ou récépissé;Environ;18;mois;;;;;;Avoir son titre de séjour ou son récépissé;;;FALSE;FALSE;
https://refugies.info/fr/dispositif/61711bc4b72b140014815cfe;3 mois<br>;Avoir un statut régularisé et/ou le RSA;Environ;12;semaines;;;;;;Avoir son titre de séjour ou son récépissé;;;FALSE;FALSE;
https://refugies.info/fr/dispositif/6172a542a53642001471ed4c;8 mois;;Environ;8;mois;;;;;;;;;FALSE;FALSE;
https://refugies.info/fr/dispositif/61815ad975df170014d3fb4d;6 mois;Titre de séjour nécessaire;Environ;6;mois;;;;;;Avoir son titre de séjour ou son récépissé;;;FALSE;FALSE;
https://refugies.info/fr/dispositif/6184e80a2ddeb2001410af5f;;Avoir un email et une connexion internet;;;;;;;;;;;;TRUE;TRUE;Ajouter Service en ligne
https://refugies.info/fr/dispositif/6188eb280770200014f8b8ac;1 an;;Exactement;1;années;;;;;;;;;FALSE;FALSE;
https://refugies.info/fr/dispositif/618a888d8209bb00143ca967;1 an;;Exactement;1;années;;;;;;;;;FALSE;FALSE;
https://refugies.info/fr/dispositif/618a982f8209bb00143cafa6;8 mois ou 1 an;;Exactement;8;mois;;;;;;;;;FALSE;FALSE;
https://refugies.info/fr/dispositif/618b890a067cb000147c575b;8 mois;;Exactement;8;mois;;;;;;;;;FALSE;FALSE;
https://refugies.info/fr/dispositif/618b8e38067cb000147c592a;7/8 mois;;Environ;8;mois;;;;;;;;;FALSE;FALSE;
https://refugies.info/fr/dispositif/618b9125067cb000147c59c9;9 mois;;Exactement;9;mois;;;;;;;;;FALSE;FALSE;
https://refugies.info/fr/dispositif/618b9412067cb000147c5df7;6 mois;;Exactement;6;mois;;;;;;;;;FALSE;FALSE;
https://refugies.info/fr/dispositif/618be08679b0610014f44049;6 mois;;Environ;6;mois;;;;;;;;;FALSE;FALSE;
https://refugies.info/fr/dispositif/618be44579b0610014f44226;6 mois;;Environ;6;mois;;;;;;;;;FALSE;FALSE;
https://refugies.info/fr/dispositif/61922f47588ce200143622b5;;<div>Un atelier de prise en main </div>;;;;;;;;;;;;TRUE;TRUE;Ressource en ligne
https://refugies.info/fr/dispositif/619276870cbab30014d4b26f;6 à 12 mois;;Entre;6 - 12;mois;;;;;;;;;FALSE;FALSE;
https://refugies.info/fr/dispositif/61938f9d41d2d500141356d5;Pas de durée<br>;Justificatif de domicile demandé<br>;;;;;;;;;;;;TRUE;TRUE;Ajouter qq part "Justificatif de domicile demandé"
https://refugies.info/fr/dispositif/6196775d141bfd0014b760aa;Jusqu'à votre autonomie<br>;;;;;;;;;;;;;TRUE;FALSE;
https://refugies.info/fr/dispositif/61a49389afd6d0001359b938;De septembre à juin.;;Exactement;10;mois;;;;;;;;;FALSE;TRUE;Ajouter "De septembre à juin"
https://refugies.info/fr/dispositif/61a6218fcbf58b0013bf0f4b;De septembre à juin;;Exactement;10;mois;;;;;;;;;FALSE;TRUE;Ajouter "De septembre à juin"
https://refugies.info/fr/dispositif/61a623b3cbf58b0013bf1118;De septembre à juin.;;Exactement;10;mois;;;;;;;;;FALSE;TRUE;Ajouter "De septembre à juin"
https://refugies.info/fr/dispositif/61a62bb7cbf58b0013bf17ef;De septembre à juin.;;Environ;9;mois;;;;;;;;;FALSE;TRUE;Les jours et la durée des ateliers ne sont pas précisés
https://refugies.info/fr/dispositif/61a7359381e7280013ad0aed;Environ 12 semaines;;Environ;12;semaines;;;;;;;;;FALSE;FALSE;
https://refugies.info/fr/dispositif/61a7657581e7280013ad2009;6 mois;Inscrit à Pôle Emploi et CIR terminé;Exactement;6;mois;;;;;;Avoir signé le CIR et terminé les cours OFII;;;FALSE;FALSE;
https://refugies.info/fr/dispositif/61ab28bbbe771b0013201622;;Justificatif demandé: Titre de séjour;;;;;;;;;Avoir son titre de séjour ou son récépissé;;;FALSE;FALSE;
https://refugies.info/fr/dispositif/61b70b46b45ddf0013ee64de;6 mois;Compte bancaire;Exactement;6;mois;;;;;;Avoir un compte bancaire;;;FALSE;TRUE;Les dates d'inscriptions sont périmées
https://refugies.info/fr/dispositif/61b84c370652e30014907c41;12 heures;;Exactement;1;années;;;;;;;;;FALSE;FALSE;
https://refugies.info/fr/dispositif/61c340cfd3c04800139d3d08;Toute l'année;Sans couverture sociale ou AME;;;;;;;;;;;;TRUE;FALSE;
https://refugies.info/fr/dispositif/61c9d219dfcb4100133a6bbd;3 à 6 mois;;Entre;3 - 6;mois;;;;;;;;;FALSE;FALSE;
https://refugies.info/fr/dispositif/61cd8262c7038b001354dd98;;Sur orientation ou venue directe;;;;;;;;;;;;FALSE;TRUE;Préciser que c'est sur orientation / Dépublier ?
https://refugies.info/fr/dispositif/61d45217254cad0013a44dd8;6 mois<br>;;Exactement;6;mois;;;;;;;;;FALSE;FALSE;
https://refugies.info/fr/dispositif/61dc08bb2206250013c150c3;24 mois;;Exactement;2;années;;;;;;;;;FALSE;FALSE;
https://refugies.info/fr/dispositif/61dc122f6ab0380013769aab;6 à 12 mois;;Entre;6 - 12;mois;;;;;;;;;FALSE;FALSE;
https://refugies.info/fr/dispositif/61dd44d3a12f460013d27b27;6 à 12 mois;;;;;Environ;60;heures;an;;;;;FALSE;FALSE;
https://refugies.info/fr/dispositif/61e566f9be8f7b0013be425a;9 mois<br>;;Exactement;9;mois;;;;;;;;;FALSE;FALSE;
https://refugies.info/fr/dispositif/61e5b0785665a80013b5d340;2 heures<br>;;;;;Environ;2;heures;séance;;;;;FALSE;FALSE;
https://refugies.info/fr/dispositif/61e93d577aa2a000136f855d;4 mois;Compte bancaire;Exactement;4;mois;;;;;;Avoir un compte bancaire;;;FALSE;FALSE;
https://refugies.info/fr/dispositif/61e96fda4a80c70013b30155;8 mois<br>;Titre de séjour ou récépissé requis<br>;Environ;8;mois;;;;;;Avoir son titre de séjour ou son récépissé;;;FALSE;FALSE;
https://refugies.info/fr/dispositif/61fa9eecdf999700139aca38;6 mois;Statut réfugié ou protection subsidiaire;Exactement;6;mois;;;;;;Avoir son titre de séjour ou son récépissé;;;FALSE;FALSE;
https://refugies.info/fr/dispositif/61fb8b31bf05e700131971b0;12 mois;;Environ;1;années;;;;;;;;;FALSE;FALSE;
https://refugies.info/fr/dispositif/6200fa47e69151001310eaa7;4 à 6 Mois;Titre de séjour et signataire du CIR/CAI;;;;;;;;;Avoir signé le CIR et terminé les cours OFII;;;FALSE;FALSE;
https://refugies.info/fr/dispositif/620118a7e69151001310f131;6 mois;Titre de séjour et signataire du CIR/CAI;;;;;;;;;Avoir signé le CIR et terminé les cours OFII;;;FALSE;FALSE;
https://refugies.info/fr/dispositif/620130b4e69151001310f7c0;6 mois;Titre de séjour / signataire CRI / CAI;;;;;;;;;Avoir signé le CIR et terminé les cours OFII;;;FALSE;FALSE;
https://refugies.info/fr/dispositif/62052e559f3f33001342b34a;Cela dépend des dispositifs;;;;;;;;;;;;;TRUE;FALSE;
https://refugies.info/fr/dispositif/620b76606ed4bb001307dca0;4 mois;;Exactement;4;mois;Exactement;30;heures;semaine;;;;;FALSE;FALSE;
https://refugies.info/fr/dispositif/620b791b6ed4bb001307de07;de 7 à 12 mois;;Entre;7 - 12;mois;;;;;;;;;FALSE;FALSE;
https://refugies.info/fr/dispositif/620cc8987817b700134963c4;8 mois;Titre de séjour ou récépissé requis;Exactement;8;mois;Environ;28;heures;semaine;;Avoir son titre de séjour ou son récépissé;;;FALSE;FALSE;
https://refugies.info/fr/dispositif/620e26772ca2a50013dda9cc;1 an;;;;;;;;;;;;;TRUE;FALSE;
https://refugies.info/fr/dispositif/620f7267e2c4a80013d117d3;Toute l'année;;;;;;;;;;;;;TRUE;FALSE;
https://refugies.info/fr/dispositif/62149dc3228345001371ba69;de 12 à 36 mois;;Entre;1 - 3;années;;;;;;;;;FALSE;FALSE;
https://refugies.info/fr/dispositif/621c98bfe7e177e193915370;Toute l'année;Les jeudis de 14h à 16h;;;;Environ;1;séances;semaine;Jeudi;;;;FALSE;FALSE;
https://refugies.info/fr/dispositif/621e3024e892695e62dd1862;6 mois;;Environ;6;mois;;;;;;;;;FALSE;FALSE;
https://refugies.info/fr/dispositif/6220c067a86330922a5b2c18;Jusqu'à 36 mois;;Entre;1 - 3;années;;;;;;;;;FALSE;FALSE;
https://refugies.info/fr/dispositif/62221bc80d690aeea0b12a9d;Le vendredi de 16h15 à 17h45<br>;;;;;Exactement;1;séances;semaine;Vendredi;;;;FALSE;FALSE;
https://refugies.info/fr/dispositif/62221e450d690aeea0b12ed4;4 à 6 mois<br>;;Entre;4 - 6;mois;;;;;;;;;FALSE;FALSE;
https://refugies.info/fr/dispositif/62221f7b800f3acd84b7f8a8;Du lundi au vendredi, de 10h à 17h;;;;;;;;;Lundi, Mardi, Mercredi, Jeudi, Vendredi;;;;FALSE;TRUE;Ajouter les horaires dans le texte
https://refugies.info/fr/dispositif/6225d3eadc42f6dcd355647c;6 à 24 mois;Être une personne isolée;Entre;6 - 24;mois;;;;;;;;;FALSE;FALSE;
https://refugies.info/fr/dispositif/62287ca24ef9e4c06ccd12dd;3 à 6 mois;;Entre;3 - 6;mois;Exactement;1.5;heures;semaine;;;;;FALSE;FALSE;
https://refugies.info/fr/dispositif/622c6963919592ccd095affe;2-4 ans<br>;;Entre;2 - 4;années;;;;;;;;;FALSE;FALSE;
https://refugies.info/fr/dispositif/622df39bdfdbedf899ac85f2;6 mois;;Environ;6;mois;;;;;;;;;FALSE;FALSE;
https://refugies.info/fr/dispositif/622f62f62e86257203fb9506;6 à 12 mois;;;;;;;;;;;;;TRUE;FALSE;
https://refugies.info/fr/dispositif/6230541da457bc5d2b7e79e9;6 à 12 mois;accompagnement individualisé;;;;;;;;;;;;FALSE;TRUE;Durée d'engagement à préciser
https://refugies.info/fr/dispositif/62308d48c3b1141d6140b6d8;6 à 12 mois;;Environ;1;années;;;;;;;;;FALSE;FALSE;
https://refugies.info/fr/dispositif/62309f4cc3b1141d6140c4de;CDI<br>;;;;;;;;;;;;;TRUE;FALSE;
https://refugies.info/fr/dispositif/6231ba77b4a1b88f70eae856;1 à 10 mois;;Maximum;10;mois;;;;;;;;;FALSE;FALSE;
https://refugies.info/fr/dispositif/6231ddf15634f90b7cd6ab35;2 à 12 mois;;Entre;2 - 12;mois;;;;;;;;;FALSE;FALSE;
https://refugies.info/fr/dispositif/6231e539c99b5be73abb302b;en fonction des besoins;;;;;;;;;;;;;TRUE;FALSE;
https://refugies.info/fr/dispositif/6231f325beccd4c4f888591c;6 à 12 mois;;;;;Exactement;1;séances;semaine;Mardi;;;;FALSE;TRUE;Préciser les horaires dans le texte
https://refugies.info/fr/dispositif/62345b05983a398af43a45f1;Toute l'année;;;;;;;;;;;;;TRUE;FALSE;
https://refugies.info/fr/dispositif/62345c9f8f69aa849693521e;Toute l'année;;;;;;;;;;;;;TRUE;FALSE;
https://refugies.info/fr/dispositif/6234989e462668af1ab0cbce;Toute l'année;;;;;;;;;;;;;TRUE;FALSE;
https://refugies.info/fr/dispositif/6238c0df5cd82a14f521731e;3 ans maximum;;Maximum;3;années;;;;;;;;;FALSE;FALSE;
https://refugies.info/fr/dispositif/6239b882c3bdabcc237e9ae9;3 à 4 mois;Gratuit;Entre;3 - 4;mois;;;;;;;;;FALSE;FALSE;
https://refugies.info/fr/dispositif/6239e38924e25312d6b5a70d;4 mois;;Exactement;4;mois;;;;;;;;;FALSE;FALSE;Enjeu édito Ukrainiens
https://refugies.info/fr/dispositif/623b086b6dd6c43a6d6c730d;6 mois;Titre de séjour nécessaire;Exactement;6;mois;;;;;;Avoir son titre de séjour ou son récépissé;;;FALSE;FALSE;
https://refugies.info/fr/dispositif/623c1ae5693e319364d4aba5;10 mois;;Exactement;10;mois;;;;;Vendredi;;;;FALSE;FALSE;
https://refugies.info/fr/dispositif/623c5c40a11eab81721ee115;5 semaines<div>Du 02/04 au 03/05</div>;;Exactement;5;semaines;;;;;;;;;FALSE;TRUE;Revoir les dates d'inscription
https://refugies.info/fr/dispositif/62430247d04e22e93321b044;2h30;;Exactement;2.5;heures;;;;;;;;;FALSE;FALSE;
https://refugies.info/fr/dispositif/6246bedcb50ab139a9e2092e;;Accès aux soins 24h/24;;;;;;;;;;;;TRUE;FALSE;
https://refugies.info/fr/dispositif/6246c08b489b7657ce28b246;6 à 12 mois;;;;;Environ;20;heures;semaine;;;;;FALSE;TRUE;Modifier la durée d'engagement
https://refugies.info/fr/dispositif/6246c257b50ab139a9e20b19;10 mois;;Environ;10;mois;;;;;;;;;FALSE;FALSE;
https://refugies.info/fr/dispositif/6246cf23489b7657ce28b6a0;6 à 12 mois;;;;;;;;;;;;;FALSE;TRUE;Vérifier la durée d'engagement
https://refugies.info/fr/dispositif/624ef57bfe0f8d9a4741c62d;6 semaines à 6 mois;;Entre;1.5 - 6;mois;;;;;;;;;FALSE;FALSE;
https://refugies.info/fr/dispositif/625413cc28bce546096e64e0;3 mois;;Exactement;200;heures;Minimum;21;heures;semaine;;;;;FALSE;FALSE;
https://refugies.info/fr/dispositif/62554aacead9173cb96345b0;septembre 2022 - juin 2023;;;;;;;;;;;;;TRUE;FALSE;
https://refugies.info/fr/dispositif/625562e8383e7926b0459801;Toute l'année<br>;;;;;;;;;;;;;TRUE;FALSE;
https://refugies.info/fr/dispositif/625571d0383e7926b045a26a;De septembre à juin (sauf vacances);;Environ;9;mois;;;;;;;;;FALSE;FALSE;
https://refugies.info/fr/dispositif/6257e1c37b805338e35456bc;6 à 12 mois;;;;;;;;;;;;;TRUE;FALSE;
https://refugies.info/fr/dispositif/625eb79ae013621a41335e6d;6 à 10 mois;;Entre;6 - 10;mois;;;;;;;;;FALSE;FALSE;
https://refugies.info/fr/dispositif/626291968b7ec954a9d0f406;4 mois<br>;Signature du CIR<br>;Environ;4;mois;;;;;;Avoir signé le CIR et terminé les cours OFII;;;FALSE;FALSE;
https://refugies.info/fr/dispositif/62669fc35af8666e977d03e4;Jusqu'à 6 mois;;Maximum;6;mois;;;;;;;;;FALSE;FALSE;
https://refugies.info/fr/dispositif/6266b32729b7b5d8834cd959;4 à 6 mois;Ile de France;Entre;4 - 6;mois;;;;;;;;;FALSE;FALSE;
https://refugies.info/fr/dispositif/6267b0cb58117d947aa29c3d;1h30;;Exactement;1.5;heures;;;;;;;;;FALSE;FALSE;
https://refugies.info/fr/dispositif/6267ba6d58117d947aa2a32e;3h;;;;;Exactement;3;heures;semaine;Jeudi;;;;FALSE;FALSE;
https://refugies.info/fr/dispositif/6267ba8d58117d947aa2a36d;1 à 6 mois;;Maximum;6;mois;;;;;;;;;FALSE;FALSE;
https://refugies.info/fr/dispositif/626bcec486df40bf70820e74;3 mois à 6 mois;;Entre;3 - 6;mois;;;;;;;;;FALSE;FALSE;
https://refugies.info/fr/dispositif/627393182bd48cb893ba175d;12 mois;Être inscrit à Pôle Emploi;Environ;12;mois;;;;;;Être inscrit à Pôle Emploi;Tous les publics;;FALSE;FALSE;
https://refugies.info/fr/dispositif/6273cf1368507dc8cd5cac18;12 mois maximum;;Maximum;12;mois;;;;;;;;;FALSE;FALSE;
https://refugies.info/fr/dispositif/6273d082151469195d8f254f;;Fermé pendant le mois d'août;;;;;;;;;;;;FALSE;TRUE;Edito : Fermé pendant le mois d'août
https://refugies.info/fr/dispositif/6273d0a8151469195d8f25ba;Au cas par cas;;Entre;6 - 12;mois;;;;;;;;;FALSE;TRUE;Edito : au cas par cas
https://refugies.info/fr/dispositif/6273d0b6151469195d8f25d3;6 à 12 mois;Certaines activités sont gratuites;;;;;;;;;;Tous les publics;;FALSE;TRUE;Edito : Certaines activités sont gratuites
https://refugies.info/fr/dispositif/6273d0d0151469195d8f25f7;Toute l'année;Avoir Messenger ou Whatsapp;;;;;;;;;;;;FALSE;TRUE;Edito : Avoir Messenger ou Whatsapp    Edito : Tout l'année
https://refugies.info/fr/dispositif/6273d0d3151469195d8f2604;12 mois, renouvelable si besoin;;Minimum;1;années;;;;;;;Tous less publics;;FALSE;FALSE;
https://refugies.info/fr/dispositif/6273db1c151469195d8f2efe;6 semaines;;Exactement;6;semaines;Exactement;30;heures;semaine;Lundi, Mardi, Mercredi, Jeudi, Vendredi;;;;FALSE;FALSE;
https://refugies.info/fr/dispositif/6273e50668507dc8cd5cc1c2;5 mois;Signature du CIR<br>;Exactement;5;mois;;;;;;Avoir signé le CIR et terminé les cours OFII;;;FALSE;FALSE;
https://refugies.info/fr/dispositif/6278f6dd55abdddbde490549;jusqu'à 30 mois<br>;;Maximum;2.5;années;;;;;;;;;FALSE;FALSE;
https://refugies.info/fr/dispositif/627cbc3a6eb187fed9b90083;Entre 1 semaine et 1 an;;Minimum;1;semaines;;;;;;;;;TRUE;FALSE;
https://refugies.info/fr/dispositif/627e1776dff1206b1a71ce3b;6 mois;;Exactement;6;séances;;;;;;;Réfugiés statutaires, Bénéficiaires de la protection subsidiaire, Bénéficiaires de la protection temporaire, Apatrides;;TRUE;FALSE;
https://refugies.info/fr/dispositif/627e486092b9cc98ab5a0031;4 mois;;Exactement;4;mois;;;;;;;Réfugiés statutaires, Bénéficiaires de la protection subsidiaire, Bénéficiaires de la protection temporaire, Apatrides;;FALSE;FALSE;
https://refugies.info/fr/dispositif/6283668623d7f4a66d1d4b67;6 à 12 mois;Accompagnement sur validation;Entre;6 - 12;mois;;;;;;;;;FALSE;TRUE;Edito : Accompagnement sur validation
https://refugies.info/fr/dispositif/6294adb05d5f30024d5c5513;6 à 12 mois;;;;;;;;;Jeudi, Vendredi;;;;FALSE;TRUE;Vérifier la durée d'engagement
https://refugies.info/fr/dispositif/6295fd1f64e44f2538013bcb;6 à 12 mois;Titre de séjour;Exactement;400;heures;;;;;;Avoir son titre de séjour ou son récépissé;;;FALSE;FALSE;
https://refugies.info/fr/dispositif/629724d05ad48f961533248e;6 à 12 mois;;Minimum;6;mois;;;;;;;;;FALSE;FALSE;
https://refugies.info/fr/dispositif/62987d034555b1d57ae8d0d1;6 à 12 mois;;;;;;;;;;;;;FALSE;TRUE;Vérifier la durée d'engagement
https://refugies.info/fr/dispositif/6298d06b9cafb240dd9b9705;3 à 9 mois<br>;;Entre;3 - 9;mois;;;;;;;;;FALSE;FALSE;
https://refugies.info/fr/dispositif/62a99aa05378f0ece2c45f5d;3 mois + 7 mois;;Maximum;10;mois;;;;;;;;;FALSE;FALSE;
https://refugies.info/fr/dispositif/62ab1a58f3b6f6f657cb3210;5 mois;;Exactement;5;mois;;;;;;;;;FALSE;FALSE;
https://refugies.info/fr/dispositif/62b16fce4a09060b2a4f493c;2 semestres (1 année universitaire)<br>;;Exactement;2;semestres;;;;;;;;;FALSE;FALSE;
https://refugies.info/fr/dispositif/62b1a5ca0c00571b44f5d10c;100 heures;;Exactement;100;heures;;;;;;;;;FALSE;FALSE;
https://refugies.info/fr/dispositif/62b9ba3ca165a39ab8da83d3;;Souhait de se former;;;;;;;;;;;;TRUE;FALSE;
https://refugies.info/fr/dispositif/62babca3b47f6b02fa978b40;3 à 12 mois;;Entre;3 - 12;mois;;;;;;;;;FALSE;FALSE;
https://refugies.info/fr/dispositif/62bc2bfae404c0b8974a4e61;8 mois, de septembre 2022 à juin 2023;Femmes uniquement ! Atelier non-mixte.;Environ;8;mois;;;;;;;;Femmes;FALSE;FALSE;
https://refugies.info/fr/dispositif/62bc4ad9e404c0b8974a5fb1;6 mois;;Exactement;180;heures;Environ;30;heures;semaine;;;;;FALSE;FALSE;
https://refugies.info/fr/dispositif/62bc4b74e404c0b8974a6038;6 à 12 mois;;Entre;6 - 12;mois;;;;;;;Réfugiés statutaires, Bénéficiaires de la protection subsidiaire, Bénéficiaires de la protection temporaire, Apatrides;;FALSE;FALSE;
https://refugies.info/fr/dispositif/62bc4bfce404c0b8974a60cc;2 ans maximum<br>;être en activité et avoir des ressources;Maximum;2;années;;;;;;;;;FALSE;TRUE;Edito : être en activité et avoir des ressources Edito : Jeunes (de 16 à 25 ans)
https://refugies.info/fr/dispositif/62bc4c85349bc49212a2df4c;6 mois<br>;;Exactement;6;mois;;;;;;;Tous les publics, Primo-arrivants, Demandeurs d'asile, Réfugiés statutaires, Bénéficiaires de la protection subsidiaire, Bénéficiaires de la protection temporaire, Apatrides, Citoyens français;Jeunes;FALSE;FALSE;
https://refugies.info/fr/dispositif/62bc4cf7e404c0b8974a62ad;Jusqu'à 24 mois;Avoir le statut de réfugié;Maximum;2;années;;;;;;;Réfugiés statutaires, Bénéficiaires de la protection subsidiaire, Bénéficiaires de la protection temporaire, Apatrides;;FALSE;FALSE;
https://refugies.info/fr/dispositif/62bc58dbe404c0b8974a7b07;10 mois;;Maximum;10;mois;;;;;;;;;FALSE;FALSE;
https://refugies.info/fr/dispositif/62bed0bef4091274f3685420;1 à 36 Mois<br>;;Maximum;3;années;;;;;;;Réfugiés statutaires, Bénéficiaires de la protection subsidiaire, Bénéficiaires de la protection temporaire, Apatrides, ;;FALSE;FALSE;
https://refugies.info/fr/dispositif/62cbfea78851cb3b98aeaee2;1h30 / semaine;;;;;;;;;;;;;FALSE;FALSE;
https://refugies.info/fr/dispositif/62d7c7591b234cfe37978699;2h/semaine<strong><br></strong>;;;;;Environ;2;heures;semaine;;;;;FALSE;FALSE;
https://refugies.info/fr/dispositif/62d80ab797e91d4470ecb199;2 à 4 mois, 3 demi-journées par semaine;Avoir terminé les cours de l'OFII A1;Entre;2 - 4;mois;Environ;3;demi-journées;semaine;;Avoir signé le CIR et terminé les cours OFII;;;FALSE;FALSE;
https://refugies.info/fr/dispositif/62d90f74b8349a06b1fcea42;;Pas de certificat de niveau de langues;;;;;;;;;;;;TRUE;FALSE;
https://refugies.info/fr/dispositif/62d90f77b8349a06b1fcea5a;12 mois <br>;;Entre;6 - 9;mois;;;;;;;;;FALSE;FALSE;
https://refugies.info/fr/dispositif/62d90f91b8349a06b1fcea90;Plusieurs jours autour du 20 juin;C'est un travail payé<br>;Environ;5;journées;;;;;;;;;FALSE;FALSE;
https://refugies.info/fr/dispositif/62d910d2c115744cfbe875d5;4 mois;14 heures par semaine;Environ;4;mois;Environ;14;heures;semaine;;;;;FALSE;FALSE;
https://refugies.info/fr/dispositif/62d91167b8349a06b1fceda0;1 an;;Exactement;1;années;;;;;;;;;FALSE;FALSE;
https://refugies.info/fr/dispositif/62d91531b8349a06b1fcf6b0;12 mois;Il faut son titre de séjour;Exactement;1;années;;;;;;Avoir son titre de séjour ou son récépissé;;;FALSE;FALSE;
https://refugies.info/fr/dispositif/62d916c9b8349a06b1fcfa9d;12 mois;;Environ;1;années;;;;;;;;;FALSE;FALSE;
https://refugies.info/fr/dispositif/62d9188bb8349a06b1fd0056;6 à 12 mois;Il faut avoir un compte bancaire<br>;Entre;6 - 12;mois;;;;;;Avoir un compte bancaire;;;FALSE;FALSE;
https://refugies.info/fr/dispositif/62e7ce1f95963ed3053e1d67;;4.5 mois;Environ;4.5;mois;Exactement;2;journées;semaine;;;;;FALSE;FALSE;
https://refugies.info/fr/dispositif/62f126c9f25d8820f30392c9;5 mois;;Exactement;5;mois;;;;;;;;;FALSE;FALSE;
https://refugies.info/fr/dispositif/62f4bf06f511559df9778931;14h par atelier;;Exactement;14;heures;;;;;;;;;FALSE;FALSE;
https://refugies.info/fr/dispositif/6304d8a4b074c5e0e2c2a0c9;3 mois (minimum) à 12 mois;Réfugiés et primo-arrivants;Entre;3 - 12;mois;;;;;;;;;FALSE;FALSE;
https://refugies.info/fr/dispositif/630e06a591947e36c27236ad;1 à 9 mois;;Maximum;9;mois;Exactement;4;heures;semaine;;;;;FALSE;FALSE;
https://refugies.info/fr/dispositif/6310736033ab6a04e3c1ab98;10 mois;;Maximum;10;mois;;;;;;;;;FALSE;FALSE;
https://refugies.info/fr/dispositif/6315ee4819fa4fc932eb720d;3 mois (minimum) à 12 mois (= 1 an);Réfugiés et primo-arrivants;Entre;3 - 12;mois;;;;;;;;;FALSE;FALSE;
https://refugies.info/fr/dispositif/6317279072a7091286cfaf24;2 à 5 mois;;Entre;2 - 5;mois;Exactement;2;heures;semaine;;;;;FALSE;FALSE;
https://refugies.info/fr/dispositif/6317495572a7091286cfbd68;Selon les besoins;Vouloir travailler dans la restauration;;;;;;;;;;;;TRUE;FALSE;
https://refugies.info/fr/dispositif/631ae937b12f97f0ad4bcadb;12 mois<br>;Signer le CIR à l'OFII<br>;Environ;1;années;;;;;;Avoir signé le CIR et terminé les cours OFII;;;FALSE;FALSE;
https://refugies.info/fr/dispositif/631af548b12f97f0ad4bcf22;12 mois<br>;;Exactement;1;années;;;;;;;;;FALSE;FALSE;
https://refugies.info/fr/dispositif/63231e68d585c0849a9bb2b1;8 mois;Missions auprès de seniors<br>;Exactement;8;mois;;;;;;;;;FALSE;FALSE;
https://refugies.info/fr/dispositif/632c399ecc33b100cb7db799;Sans limite de durée;;;;;;;;;;;;;TRUE;FALSE;
https://refugies.info/fr/dispositif/6334518ad8be9b7f5c6a9129;2 mois;Programme en anglais<br>;Environ;2;mois;Exactement;2;heures;semaine;Samedi;;;;FALSE;FALSE;
https://refugies.info/fr/dispositif/6335667cd7f340ffe7b7ee8e;4 mois<br>;Signer le CIR avec l'OFII<br>;Environ;4;mois;;;;;;Avoir signé le CIR et terminé les cours OFII;;;FALSE;FALSE;
https://refugies.info/fr/dispositif/63356e545b8eaa6b92406514;3 mois<br>;Formation en anglais et en français<br>;Exactement;3;mois;Exactement;35;heures;semaine;Lundi, Mardi, Mercredi, Jeudi, Vendredi;Avoir son titre de séjour ou son récépissé, Être inscrit à Pôle Emploi;;;FALSE;FALSE;
https://refugies.info/fr/dispositif/633c35e18d0324eb3dea60c3;Jusqu'à 1 an;Carte de séjour ou récépissé;Maximum;1;années;;;;;;Avoir son titre de séjour ou son récépissé;;;FALSE;FALSE;
https://refugies.info/fr/dispositif/634d28bd9d3bda3be5cfd979;4 semaines <br>;CIR signé<div>Cours OFII terminés</div>;Exactement;4;semaines;Exactement;3.5;journées;semaine;;Avoir signé le CIR et terminé les cours OFII;;;FALSE;FALSE;
https://refugies.info/fr/dispositif/634e7269313f6183f3510709;3 mois;;Exactement;3;mois;;;;;Lundi, Mardi, Mercredi, Jeudi, Vendredi;;;;FALSE;FALSE;Pôle Edito : le formulaire ne prend plus de réponses
https://refugies.info/fr/dispositif/6357a7cc6596a2c70b30cd38;2 à 3 mois;;Entre;2 - 3;mois;;;;;;;;;FALSE;FALSE;
https://refugies.info/fr/dispositif/635a71c8d43c4d1a3f25227f;10 mois;Niveau Baccalauréat minimum;Exactement;10;mois;Exactement;16;heures;semaine;Lundi, Mardi, Mercredi, Jeudi, Vendredi;Avoir le niveau de fin de lycée;;;FALSE;FALSE;
https://refugies.info/fr/dispositif/63623b16a2a5bf7006723347;9 semaines;;Exactement;9;semaines;;;;;;Être inscrit à Pôle Emploi;Réfugiés statutaires, Bénéficiaires de la protection subsidiaire, Bénéficiaires de la protection temporaire, Apatrides;;TRUE;FALSE;
https://refugies.info/fr/dispositif/6363e7a25f4f7c5e592ce027;mai - juillet;;Exactement;3;mois;;;;;Lundi, Mardi, Jeudi;;;;TRUE;FALSE;
https://refugies.info/fr/dispositif/636cd4572c725bfbf72d6302;6 mois;;Exactement;6;mois;Exactement;8;heures;semaine;;;;;TRUE;FALSE;
https://refugies.info/fr/dispositif/63873a586fd089c3dad298f2;6 à 12 mois;;Entre;6 - 12;mois;;;;;;;;;TRUE;FALSE;
https://refugies.info/fr/dispositif/638dcbbaf0b1a31177cf9602;1 à 3 mois;;Entre;1 - 3;mois;Environ;3 - 5;heures;semaine;Lundi, Mardi, Mercredi, Jeudi, Vendredi;;;;TRUE;FALSE;
https://refugies.info/fr/dispositif/638f4bd332ad4b4d82bee432;3h par semaine<br>;;Environ;4;mois;Exactement;3;heures;semestre;Jeudi;;;;TRUE;FALSE;
https://refugies.info/fr/dispositif/6391ec3fc4d17891b4015185;10 heures environ;;Environ;10;heures;;;;;;;;;TRUE;FALSE;
https://refugies.info/fr/dispositif/639ad8d316e643b264e47f04;24 mois maximum<br>;Territoire du Grand Perigueux;Maximum;2;années;;;;;;;;;TRUE;FALSE;
https://refugies.info/fr/dispositif/63a07c21f8a1002a9f2f0621;2h par atelier;;;;;Exactement;2;heures;séance;;;;;TRUE;FALSE;
https://refugies.info/fr/dispositif/63a09096e05318191f09690b;;Avoir le niveau bac+2<br>;Exactement;2;semestres;;;;;;;;;FALSE;TRUE;Avoir le niveau bac+2
https://refugies.info/fr/dispositif/63ac59778c7d4cfa502df70d;6 mois;;Exactement;6;mois;;;;;;;;;TRUE;FALSE;
https://refugies.info/fr/dispositif/63b2d9f834c2467856a214b8;10 semaines;CIR signé / Cours OFII terminés;Exactement;8;semaines;;;;;;Avoir signé le CIR et terminé les cours OFII;;;TRUE;FALSE;
https://refugies.info/fr/dispositif/63b2f8a58d5fef20f701e1d3;5 mois et demi;Il faut être disponible à plein temps;Exactement;7;mois;Exactement;5;journées;semaine;;;;;TRUE;FALSE;
https://refugies.info/fr/dispositif/63c93f76e28d047d60ff6e49;;Être en recherche d'emploi / formation;;;;;;;;;;;;FALSE;TRUE;Être en recherche d'emploi / formation
https://refugies.info/fr/dispositif/63c9578371eba405ec559495;Adaptée à vos besoins<br>;;;;;;;;;;;;;FALSE;FALSE;
https://refugies.info/fr/dispositif/63c9775d1ca498a96eb45e96;4 mois;;Exactement;4;mois;Exactement;10;heures;semaine;;;;;FALSE;FALSE;
https://refugies.info/fr/dispositif/63c9797f1ca498a96eb46196;De 6 à 12 mois;;Entre;6 - 12;mois;Environ;20;heures;semaine;;;;;FALSE;FALSE;
https://refugies.info/fr/dispositif/63ceb71af48b3e5a1ed0ace9;6 à 12 mois;;Entre;6 - 12;mois;;;;;;;;;FALSE;FALSE;
https://refugies.info/fr/dispositif/63da8de48747701d9eca8ee5;de 3 à 6 mois;;Entre;3 - 6;mois;Environ;15;heures;semaine;;;;;FALSE;FALSE;
https://refugies.info/fr/dispositif/63dccefaacb72a93cc4a3623;8 semaines;Être inscrit à Pôle Emploi;Exactement;8;semaines;;;;;;Être inscrit à Pôle Emploi;;;FALSE;FALSE;
https://refugies.info/fr/dispositif/63dcd6a5acb72a93cc4a43ba;12 mois<br>;Être dans un centre d'hébergement;Exactement;1;années;;;;;;Être inscrit à Pôle Emploi;Réfugiés statutaires, Bénéficiaires de la protection subsidiaire;;FALSE;TRUE;Être dans un centre d'hébergement
https://refugies.info/fr/dispositif/63e2713dbd3844ab44fb5683;Mercredi de 9h à 12h;1 mercredi sur 2;;;;Exactement;2;journées;mois;Mercredi;;;;FALSE;TRUE;Mercredi 9h à 12h
https://refugies.info/fr/dispositif/63ea4a137de9748b5a3145e8;3 à 12 mois;;Entre;3 - 12;mois;;;;;;;;;FALSE;FALSE;
https://refugies.info/fr/dispositif/63ee43812b2a0b0c7695fdf3;6 à 12 mois;;Entre;6 - 12;mois;;;;;;;;;FALSE;FALSE;
https://refugies.info/fr/dispositif/63ef4a1a7de38f7e8dc4c372;3 à 4 mois;Uniquement femmes et minorité de genre;Entre;3 - 4;mois;;;;;;Être inscrit à Pôle Emploi;;;FALSE;TRUE;Uniquement femmes et minorités de genre
https://refugies.info/fr/dispositif/63f60e38fda7e83e200fea50;6 à 12 mois;;Entre;6 - 12;mois;;;;;;;;;FALSE;FALSE;
https://refugies.info/fr/dispositif/63f72e66191fe5007a0a6be7;6 à 12 mois;;Entre;6 - 12;mois;;;;;;;;;FALSE;FALSE;
https://refugies.info/fr/dispositif/63fcb59bcae637195bb7d7a0;18 heures sur 6 semaines<br>;Être inscrit à Pôle emploi<br>;Exactement;6;semaines;Environ;3;heures;semaine;;Être inscrit à Pôle Emploi;;;FALSE;FALSE;
https://refugies.info/fr/dispositif/640f2d5b0d73ac6cfd64c80e;6 à 12 mois;;Entre;6 - 12;mois;;;;;;;;;FALSE;FALSE;
https://refugies.info/fr/dispositif/641081831b89b9a62305c57c;6 à 12 mois;;Entre;6 - 12;mois;;;;;;;;;FALSE;FALSE;
https://refugies.info/fr/dispositif/641081b61b89b9a62305c786;Sans limitation;Habiter l'Agglomération de Nevers;;;;;;;;;Avoir son titre de séjour ou son récépissé, Être inscrit à Pôle Emploi;Primo-arrivants;;FALSE;FALSE;
https://refugies.info/fr/dispositif/641081b71b89b9a62305c790;Selon vos besoins<br>;;;;;;;;;;;;;FALSE;FALSE;
https://refugies.info/fr/dispositif/641082061b89b9a62305c85d;4 mois;;Exactement;4;mois;;;;;;;;;FALSE;FALSE;
https://refugies.info/fr/dispositif/64108248a075f7486da87fe3;3 à 16 mois;;Entre;3 - 16;mois;Exactement;24;heures;semaine;;;;;FALSE;FALSE;
https://refugies.info/fr/dispositif/641082521b89b9a62305c94f;de 1 à 3 ans;;Entre;1 - 3;années;;;;;;;;;FALSE;FALSE;
https://refugies.info/fr/dispositif/641aedea970d510505044733;2h;;Exactement;2;heures;;;;;Mardi, Jeudi;;;;FALSE;FALSE;
https://refugies.info/fr/dispositif/5ce7b52d83983700167bca27;Entre 3 et 18 mois<br>;Être inscrit.e au Pôle Emploi;Entre;3 - 18;mois;;;;;;;;;FALSE;FALSE;
https://refugies.info/fr/dispositif/5ce7abf783983700167bc9e7;12 semaines<br>;Vous obtenez un certificat;Exactement;12;semaines;;;;;;;;;FALSE;TRUE;Vous obtenez un certificat
https://refugies.info/fr/dispositif/5dc2ef87bceb3c004fc42c83;4 à 12 mois;;Entre;4 - 12;mois;;;;;;;;;FALSE;FALSE;
https://refugies.info/fr/dispositif/5ddbad3ff5b2980016d55353;Jusqu'à 18 mois;;Maximum;1.5;années;;;;;;;;;FALSE;FALSE;
https://refugies.info/fr/dispositif/5ddbae1d30109a00537d1986;indéterminée;;;;;;;;;;;;;FALSE;FALSE;
https://refugies.info/fr/dispositif/5ddbadbf30109a00537d1925;6 à 8mois<br>;Mobilité : Il faut changer de fermes tous les deux mois. <br>;Entre;6 - 8;mois;;;;;;;;;FALSE;TRUE;Mobilité : Il faut changer de fermes tous les deux mois.
https://refugies.info/fr/dispositif/5ddbb26030109a00537d200b;6 à 12 mois;;Entre;6 - 12;mois;;;;;;;;;FALSE;FALSE;
https://refugies.info/fr/dispositif/5ddbb176228ec80016ccdb67;2 mois;;Exactement;2;mois;;;;;;;;;FALSE;FALSE;
https://refugies.info/fr/dispositif/5ddcfe40cd3c6f0050b20ce2;;;;;;;;;;;;;;FALSE;FALSE;
https://refugies.info/fr/dispositif/5ddbb05b30109a00537d1c61;6 mois;;Exactement;6;mois;;;;;;;;;FALSE;FALSE;
https://refugies.info/fr/dispositif/5ddbafd830109a00537d1bab;6 à 12 mois;;Entre;6 - 12;mois;;;;;;;;;FALSE;FALSE;
https://refugies.info/fr/dispositif/5e5e69d4361338004e16e16d;6 à 12 mois;;Entre;6 - 12;mois;;;;;;;;;FALSE;FALSE;
https://refugies.info/fr/dispositif/5ed7b43b560693005057dece;5 mois;Avoir signé le CIR et suivi la formation linguistique;Exactement;5;mois;;;;;;Avoir signé le CIR et terminé les cours OFII;;;FALSE;FALSE;
https://refugies.info/fr/dispositif/5ed7abdd560693005057de6a;Sur rendez-vous;Être demandeur d'emploi;;;;;;;;;Être inscrit à Pôle Emploi;;;FALSE;TRUE;Sur rendez-vous : est-ce qu'ils sous-entendent sur orientation ?
https://refugies.info/fr/dispositif/5ed7a0c0560693005057ddec;maximum 8 mois;;Maximum;8;mois;;;;;;;;;FALSE;FALSE;
https://refugies.info/fr/dispositif/5e562a9a346b5d004f4d0387;1 ou 2 semestres<br>;<div>Assiduité obligatoire et 20 heures de cours par semaine environ !</div><div><br></div>;Entre;1 - 2;semestres;Environ;20;heures;semaine;;;;;FALSE;TRUE;Assiduité obligatoire
https://refugies.info/fr/dispositif/5ecb8abea7513a005111f103;;Il faut être allocataire du RSA en Seine-Saint-Denis (93) pour la majorité des actions.<br>;;;;;;;;;;;;FALSE;TRUE;Il faut être allocataire du RSA en Seine-Saint-Denis (93) pour la majorité des actions.<br>
https://refugies.info/fr/dispositif/5eea2813f78c23005bc9cbb0;3 mois;;Exactement;3;mois;;;;;;;;;FALSE;FALSE;
https://refugies.info/fr/dispositif/5f92aa1efc486c0047ef5f56;6 à 12 mois;;Entre;6 - 12;mois;;;;;;;;;FALSE;FALSE;
https://refugies.info/fr/dispositif/5fb3a547a7a48a0046f50cb9;6 mois;;Exactement;6;mois;;;;;;;;;FALSE;FALSE;
https://refugies.info/fr/dispositif/5fbe386a16c56300147f69ef;3 mois;Être inscrit à Pôle Emploi;Exactement;3;mois;;;;;;Être inscrit à Pôle Emploi;;;FALSE;FALSE;
https://refugies.info/fr/dispositif/5fbfc07b2eff630014f5fe27;4 semaines;;Exactement;4;semaines;;;;;;;;;FALSE;FALSE;
https://refugies.info/fr/dispositif/5fc657ba9a8c390014f1234c;6 à 12 mois;Etre domicilié dans le Rhône (69);Entre;6 - 12;mois;;;;;;;;;FALSE;TRUE;Etre domicilié dans le Rhône (69)
https://refugies.info/fr/dispositif/600f108786ef990014bd708c;12 mois;;Exactement;12;mois;;;;;;;;;FALSE;FALSE;
https://refugies.info/fr/dispositif/602e26842c01f00014dad1c5;6 à 12 mois;Compte bancaire;Entre;6 - 12;mois;;;;;;Avoir un compte bancaire;;;FALSE;FALSE;
https://refugies.info/fr/dispositif/602e2f3b2c01f00014dad1c9;6 à 12 mois;Contrat de service civique obligatoire;Entre;6 - 12;mois;;;;;;;;;FALSE;TRUE;Contrat de service civique obligatoire
https://refugies.info/fr/dispositif/6034e476bd98380014a7ed1d;jusqu'à 24 mois;;Maximum;2;années;;;;;;;;;FALSE;FALSE;
https://refugies.info/fr/dispositif/604a0d84a9c06e0014d0921c;9 mois;Compte bancaire;Exactement;9;mois;;;;;;Avoir un compte bancaire;;;FALSE;FALSE;
https://refugies.info/fr/dispositif/604b56bd1e5799001494e795;de 4 à 18 mois;;Entre;4 - 18;mois;;;;;;;;;FALSE;FALSE;
https://refugies.info/fr/dispositif/605c675ff216740014a51f2f;6 à 12 mois;;Entre;6 - 12;mois;;;;;;;;;FALSE;FALSE;
https://refugies.info/fr/dispositif/605de0ea8704e10014644a5f;6 à 24 mois;;Entre;6 - 24;mois;;;;;;;;;FALSE;FALSE;
https://refugies.info/fr/dispositif/6077f5622dc0d30014474608;Plusieurs mois;;;;;;;;;;;;;FALSE;FALSE;
https://refugies.info/fr/dispositif/6093f32ecf57c300149d3959;6 mois;;Exactement;6;mois;;;;;;;;;FALSE;FALSE;
https://refugies.info/fr/dispositif/60c7098b12c7dc0014ba9f70;;CDD insertion de 4 mois renouvelable<br>;Exactement;4;mois;;;;;;;;;FALSE;FALSE;
https://refugies.info/fr/dispositif/60d335df4c6a02001454f54a;1 mois;;Exactement;1;mois;;;;;;;;;FALSE;FALSE;Statut : A valider
https://refugies.info/fr/dispositif/60dc58a0cb88f80014bb0ecc;6 à 12 mois;Contrat d'Intégration Républicaine;Entre;6 - 12;mois;;;;;;Avoir signé le CIR et terminé les cours OFII;;;FALSE;FALSE;Statut : A valider
https://refugies.info/fr/dispositif/6103991eb7bad7001403d60a;3 شهور;;Exactement;3;mois;;;;;;;;;FALSE;FALSE;Statut : A valider
https://refugies.info/fr/dispositif/61051e1fb8854d0014241db4;4 mois;;Exactement;4;mois;;;;;;;;;FALSE;FALSE;Statut : A valider
https://refugies.info/fr/dispositif/615c4d68aa63e2001499a49e;De 4 à 24 mois;;Entre;4 - 24;mois;;;;;;;;;FALSE;FALSE;Statut : A valider
https://refugies.info/fr/dispositif/61694ea72b50ca0014458a9c;;;;;;;;;;;;;;FALSE;FALSE;Statut : A valider
https://refugies.info/fr/dispositif/616e69dcb972dc0014328328;6 à 12 mois;;Entre;6 - 12;mois;;;;;;;;;FALSE;FALSE;Statut : A valider
https://refugies.info/fr/dispositif/61766516ac50a70014f8d68d;6 mois;;Exactement;6;mois;;;;;;;;;FALSE;FALSE;Statut : A valider
https://refugies.info/fr/dispositif/619ba832e6ef8c00144c275a;Sans limite<br>;;;;;;;;;;;;;FALSE;FALSE;Statut : A valider
https://refugies.info/fr/dispositif/61a895f9a67a2100138b6635;12 mois;;Exactement;1;années;;;;;;;;;FALSE;FALSE;Statut : A valider
https://refugies.info/fr/dispositif/61a89ca8a67a2100138b6995;10 mois;;Exactement;10;mois;;;;;;;;;FALSE;FALSE;Statut : A valider
https://refugies.info/fr/dispositif/61b220756558500013c8cef2;Tout au long de l'année;;;;;;;;;;;;;FALSE;TRUE;Statut : A valider : commentaire Tout au long de l'année
https://refugies.info/fr/dispositif/61dd4279a12f460013d279d3;6 à 12 mois;;Entre;6 - 12;mois;;;;;;;;;FALSE;FALSE;Statut : A valider
https://refugies.info/fr/dispositif/61eab2bc8095ed0013aa37c2;6 à 12 mois;;Entre;6 - 12;mois;;;;;;;;;FALSE;FALSE;Statut : A valider
https://refugies.info/fr/dispositif/622c48b5b5d30d02eb53d0fc;6 à 12 mois;;Entre;6 - 12;mois;;;;;;;;;FALSE;FALSE;Statut : A valider
https://refugies.info/fr/dispositif/622c881815888f251ffbefd8;6 à 12 mois;;Entre;6 - 12;mois;;;;;;;;;FALSE;FALSE;Statut : A valider
https://refugies.info/fr/dispositif/622dc9d178c9829a46c2e598;3 à 6 mois;;Entre;3 - 6;mois;;;;;;;;;FALSE;FALSE;Statut : A valider
https://refugies.info/fr/dispositif/622f68ad2e86257203fb9967;1 demi journée<br>;;Exactement;0.5;journées;;;;;;;;;FALSE;FALSE;Statut : A valider
https://refugies.info/fr/dispositif/622fa1bda0508440f003b403;;Apporter récépissé / carte de séjour;;;;;;;;;Avoir son titre de séjour ou son récépissé;;;FALSE;FALSE;Statut : A valider
https://refugies.info/fr/dispositif/62308666c3b1141d6140b31c;à définir;;;;;;;;;;;;;FALSE;FALSE;Statut : A valider
https://refugies.info/fr/dispositif/6230c76e8c16e3b48fbe86ad;Autant que nécessaire;;;;;;;;;;;;;FALSE;FALSE;Statut : A valider
https://refugies.info/fr/dispositif/6231d2bc55f3e9bff3b19e46;6 à 12 mois;;Entre;6 - 12;mois;;;;;;;;;FALSE;FALSE;Statut : A valider
https://refugies.info/fr/dispositif/623b4877938690eff8f3fc30;6 à 12 mois;;Entre;6 - 12;mois;;;;;;;;;FALSE;FALSE;Statut : A valider
https://refugies.info/fr/dispositif/623ee3a8eef0721c985fb5c6;6 à 12 mois<br>;;Entre;6 - 12;mois;;;;;;;;;FALSE;FALSE;Statut : A valider
https://refugies.info/fr/dispositif/624d9d26b5dec2911163d7f2;6 à 12 mois;;Entre;6 - 12;mois;;;;;;;;;FALSE;FALSE;Statut : A valider
https://refugies.info/fr/dispositif/625edf9ee013621a41336628;3 mois;;Environ;3;mois;;;;;;;;;FALSE;FALSE;Statut : A valider
https://refugies.info/fr/dispositif/6262ad268b7ec954a9d0fb9b;12 mois;;Environ;1;années;;;;;;;;;FALSE;FALSE;Statut : A valider
https://refugies.info/fr/dispositif/626417f898067cf0f99ce46f;6 à 12 mois;;Entre;6 - 12;mois;;;;;;;;;FALSE;FALSE;Statut : A valider
https://refugies.info/fr/dispositif/627a2ed96896674705619e3d;6 à 12 mois;;Entre;6 - 12;mois;;;;;;;;;FALSE;FALSE;Statut : A valider
https://refugies.info/fr/dispositif/6298d10c9cafb240dd9b9791;6 à 12 mois;;Entre;6 - 12;mois;;;;;;;;;FALSE;FALSE;Statut : A valider
https://refugies.info/fr/dispositif/62a899cfeece9a373f34f0dc;jusqu'à 2 mois;;Maximum;2;mois;;;;;;;;;FALSE;FALSE;Statut : A valider
https://refugies.info/fr/dispositif/62ab2e5ad8dafb5e3897f5cd;6 à 12 mois;;Entre;6 - 12;mois;;;;;;;;;FALSE;FALSE;Statut : A valider
https://refugies.info/fr/dispositif/62bc4d61e404c0b8974a635c;;Rendez-vous avec un travailleur social;;;;;;;;;;;;FALSE;TRUE;ajouter à la mano Rendez-vous avec un travailleur social
https://refugies.info/fr/dispositif/62bc5ac51090e3d7ebf51809;1 an;;Environ;1;années;;;;;;;;;FALSE;FALSE;Statut : A valider
https://refugies.info/fr/dispositif/632d7944cc33b100cb814e99;;;;;;;;;;;;;;FALSE;FALSE;Statut : A valider
https://refugies.info/fr/dispositif/635fa40fcc5dcfa8b1e3efc3;6 à 12 mois;;Entre;6 - 12;mois;;;;;;;;;FALSE;FALSE;Statut : A valider
https://refugies.info/fr/dispositif/635fd5167d9528ccb7255e82;6 à 12 mois;;Entre;6 - 12;mois;;;;;;;;;FALSE;FALSE;Statut : A valider
https://refugies.info/fr/dispositif/63624f5ea2a5bf70067269b8;6 à 12 mois;;Entre;6 - 12;mois;;;;;;;;;FALSE;FALSE;Statut : A valider
https://refugies.info/fr/dispositif/6388af6521f6703660b1bd50;6 à 12 mois;;Entre;6 - 12;mois;;;;;;;;;FALSE;FALSE;Statut : A valider
https://refugies.info/fr/dispositif/638fbfba5b045c90b45b3194;6 à 12 mois;;Entre;6 - 12;mois;;;;;;;;;FALSE;FALSE;Statut : A valider
https://refugies.info/fr/dispositif/6392f0f5bcd2075a3791ed89;6 à 12 mois;;Entre;6 - 12;mois;;;;;;;;;FALSE;FALSE;Statut : A valider
https://refugies.info/fr/dispositif/63a4886e4d96473e0d1ea41e;du 23 janvier au 07 avril 2023;;;;;;;;;;;;;FALSE;FALSE;Statut : A valider
https://refugies.info/fr/dispositif/63a573355dda9b29c5f06519;6 à 12 mois;Compte bancaire;Entre;6 - 12;mois;;;;;;Avoir un compte bancaire;;;FALSE;FALSE;Statut : A valider
https://refugies.info/fr/dispositif/63ac049adde65f97889be26d;6 à 12 mois;;Entre;6 - 12;mois;;;;;;;;;FALSE;FALSE;Statut : A valider
https://refugies.info/fr/dispositif/63b28f0175b394be44b45e23;6 à 12 mois;;Entre;6 - 12;mois;;;;;;;;;FALSE;FALSE;Statut : A valider
https://refugies.info/fr/dispositif/63be74a683d62b04a604da20;6 mois;;Environ;6;mois;;;;;;;;;FALSE;FALSE;Statut : A valider
https://refugies.info/fr/dispositif/63d29f067c263fb02f98f950;Maximum 2 ans<br>;;Maximum;2;années;;;;;;;;;FALSE;FALSE;Statut : A valider
https://refugies.info/fr/dispositif/63e128f20dc5af5f09edca5e;;Fonctionne sur téléphone ou ordinateur;;;;;;;;;;;;FALSE;TRUE;Ajouter Fonctionne sur téléphone ou ordinateur
https://refugies.info/fr/dispositif/63fcc050cae637195bb7ea76;6 à 12 mois;;Entre;6 - 12;mois;;;;;;;;;FALSE;FALSE;Statut : A valider
https://refugies.info/fr/dispositif/640b514722a87ec51bcb77a6;6 à 36 mois;Avoir un compte bancaire;Entre;6 - 36;mois;;;;;;Avoir un compte bancaire;;;FALSE;FALSE;Statut : A valider
https://refugies.info/fr/dispositif/640f30640d73ac6cfd64cd24;6 mois;;Environ;6;mois;;;;;;;;;FALSE;FALSE;Statut : A valider
https://refugies.info/fr/dispositif/641058951b89b9a623ff9233;10 semaines;;Environ;10;semaines;;;;;;;;;FALSE;FALSE;Statut : A valider
https://refugies.info/fr/dispositif/64108d411b89b9a6230698cf;6 à 12 mois;;Entre;6 - 12;mois;;;;;;;;;FALSE;FALSE;Statut : A valider
https://refugies.info/fr/dispositif/6410971f1b89b9a62306fb85;116 heures;;Environ;116;heures;;;;;;;;;FALSE;FALSE;Statut : A valider
https://refugies.info/fr/dispositif/6411e9e238cce904e4f99b16;6 à 12 mois;Compte bancaire;Entre;6 - 12;mois;;;;;;Avoir un compte bancaire ;;;FALSE;FALSE;Statut : A valider
https://refugies.info/fr/dispositif/6422afe0b30dd226b5bd2b67;6 à 12 mois;;Entre;6 - 12;mois;;;;;;;;;FALSE;FALSE;Statut : A valider
https://refugies.info/fr/dispositif/64244a7c720fcee5ff58db32;;;;;;;;;;;;;;TRUE;FALSE;Satut : en attente
https://refugies.info/fr/dispositif/64259a8e4669df0d38e0ab07;8 semaines, 35h/sem;Formation rémunérée;Environ;8;semaines;Exactement;35;heures;semaine;;;;;FALSE;TRUE;Statut : A valider Ajouter Formation rémunérée
https://refugies.info/fr/dispositif/6399a90a6ef79f63d5e2b765;4 mois<br>;;Environ;4;mois;;;;;;;;;FALSE;FALSE;Satut : en attente
https://refugies.info/fr/dispositif/6399a90a6ef79f63d5e2b766;Avoir le niveau de fin de lycée;;;;;;;;;;Avoir le niveau de fin de lycée;;;FALSE;FALSE;Satut : en attente
https://refugies.info/fr/dispositif/6399a90b6ef79f63d5e2b786;Avoir le niveau de fin de lycée;;;;;;;;;;Avoir le niveau de fin de lycée;;;FALSE;FALSE;Satut : en attente
https://refugies.info/fr/dispositif/6399a90b6ef79f63d5e2b787;Avoir le niveau de fin de lycée;;;;;;;;;;Avoir le niveau de fin de lycée;;;FALSE;FALSE;Satut : en attente
https://refugies.info/fr/dispositif/6399a90b6ef79f63d5e2b788;Avoir le niveau de fin de lycée;;;;;;;;;;Avoir le niveau de fin de lycée;;;FALSE;FALSE;Satut : en attente
https://refugies.info/fr/dispositif/63a0794cf8a1002a9f2f018c;3 mois<br>;Etre inscrit à Pôle Emploi;Environ;3;mois;;;;;;;;;FALSE;FALSE;Satut : en attente
https://refugies.info/fr/dispositif/63a09096e05318191f09690c;Avoir le niveau de fin de lycée<br>;;;;;;;;;;Avoir le niveau de fin de lycée;;;FALSE;FALSE;Satut : en attente
https://refugies.info/fr/dispositif/63a09096e05318191f09690d;Avoir le niveau de fin de lycée<br>;;;;;;;;;;Avoir le niveau de fin de lycée;;;FALSE;FALSE;Satut : en attente
https://refugies.info/fr/dispositif/63a09096e05318191f096910;Avoir le niveau de fin de lycée<br>;;;;;;;;;;Avoir le niveau de fin de lycée;;;FALSE;FALSE;Satut : en attente
https://refugies.info/fr/dispositif/63a09096e05318191f096911;Avoir le niveau de fin de lycée<br>;;;;;;;;;;Avoir le niveau de fin de lycée;;;FALSE;FALSE;Satut : en attente
https://refugies.info/fr/dispositif/63a09096e05318191f096912;Avoir le niveau de fin de lycée<br>;;;;;;;;;;Avoir le niveau de fin de lycée;;;FALSE;FALSE;Satut : en attente
https://refugies.info/fr/dispositif/63a09096e05318191f096913;Avoir le niveau de fin de lycée<br>;;;;;;;;;;Avoir le niveau de fin de lycée;;;FALSE;FALSE;Satut : en attente
https://refugies.info/fr/dispositif/63a09096e05318191f096914;Avoir le niveau de fin de lycée<br>;;;;;;;;;;Avoir le niveau de fin de lycée;;;FALSE;FALSE;Statut : en attente
https://refugies.info/fr/dispositif/63a09096e05318191f096916;Avoir le niveau de fin de lycée<br>;;;;;;;;;;Avoir le niveau de fin de lycée;;;FALSE;FALSE;Statut : en attente
https://refugies.info/fr/dispositif/63a09096e05318191f096917;Avoir le niveau de fin de lycée<br>;;;;;;;;;;Avoir le niveau de fin de lycée;;;FALSE;FALSE;Statut : en attente
https://refugies.info/fr/dispositif/63a09096e05318191f096918;Avoir le niveau de fin de lycée<br>;;;;;;;;;;Avoir le niveau de fin de lycée;;;FALSE;FALSE;Statut : en attente
https://refugies.info/fr/dispositif/63a09096e05318191f09691b;Avoir le niveau de fin de lycée<br>;;;;;;;;;;Avoir le niveau de fin de lycée;;;FALSE;FALSE;Statut : en attente
https://refugies.info/fr/dispositif/63a09096e05318191f09691c;Avoir le niveau de fin de lycée<br>;;;;;;;;;;Avoir le niveau de fin de lycée;;;FALSE;FALSE;Statut : en attente
https://refugies.info/fr/dispositif/63a09096e05318191f09691e;Avoir le niveau de fin de lycée<br>;;;;;;;;;;Avoir le niveau de fin de lycée;;;FALSE;FALSE;Statut : en attente
https://refugies.info/fr/dispositif/63a09096e05318191f096920;Avoir le niveau de fin de lycée<br>;;;;;;;;;;Avoir le niveau de fin de lycée;;;FALSE;FALSE;Statut : en attente
https://refugies.info/fr/dispositif/63a09096e05318191f096921;Avoir le niveau de fin de lycée<br>;;;;;;;;;;Avoir le niveau de fin de lycée;;;FALSE;FALSE;Statut : en attente
https://refugies.info/fr/dispositif/63a09096e05318191f096922;Avoir le niveau de fin de lycée<br>;;;;;;;;;;Avoir le niveau de fin de lycée;;;FALSE;FALSE;Statut : en attente
https://refugies.info/fr/dispositif/63a09096e05318191f096923;Avoir le niveau de fin de lycée<br>;;;;;;;;;;Avoir le niveau de fin de lycée;;;FALSE;FALSE;Statut : en attente
https://refugies.info/fr/dispositif/63a09096e05318191f096924;Avoir le niveau de fin de lycée<br>;;;;;;;;;;Avoir le niveau de fin de lycée;;;FALSE;FALSE;Statut : en attente
https://refugies.info/fr/dispositif/63a09096e05318191f096925;Avoir le niveau de fin de lycée<br>;;;;;;;;;;Avoir le niveau de fin de lycée;;;FALSE;FALSE;Statut : en attente
https://refugies.info/fr/dispositif/64075a16dbe0fa26faa7c853;6 MOIS;;Exactement;6;mois;;;;;;;;;FALSE;FALSE;Statut : brouillon
https://refugies.info/fr/dispositif/6409b29ec4af5de17a068dae;6 à 36 mois;Compte bancaire;Entre;6 - 36;mois;;;;;;Avoir un compte bancaire;;;FALSE;FALSE;Statut : en attente
https://refugies.info/fr/dispositif/640aff928c0d8f6a139682b7;30 heures de cours sur 10 semaines<br>;;Exactement;10;semaines;Exactement;30;heures;trimestre;;;;;FALSE;FALSE;Statut : en attente
https://refugies.info/fr/dispositif/640b02828c0d8f6a1396888e;;Avoir le niveau de fin de lycée<br>;;;;;;;;;Avoir le niveau de fin de lycée;;;FALSE;FALSE;Statut : en attente
https://refugies.info/fr/dispositif/640b2d368c0d8f6a1397d1c4;116 heures<br>;;Exactement;116;heures;;;;;;;;;FALSE;FALSE;Statut : en attente
https://refugies.info/fr/dispositif/641083ad1b89b9a62305cd75;6 à 12 mois;;Entre;6 - 12;mois;;;;;;;;;FALSE;FALSE;Statut : en attente
https://refugies.info/fr/dispositif/6412e5d64db119a9c3d95cc2;3 mois et demi;Autorisation de travail;Exactement;3.5;mois;Exactement;30;heures;semaine;Lundi, Mardi, Mercredi, Jeudi, Vendredi;; Réfugiés statutaires, Bénéficiaires de la protection subsidiaire, Bénéficiaires de la protection temporaire, Apatrides,;Jeunes;FALSE;TRUE;Avoir l'autorisation de travailler
https://refugies.info/fr/dispositif/641d852d8df3d1f0d05c558f;1 an<br>;Bourses d'études;Exactement;1;années;;;;;;;;;FALSE;TRUE;Avoir une bourde d'études. Statut : en attente. Enjeu édito
https://refugies.info/fr/dispositif/62c987490e14db66da0315d5;6 à 12 mois;;Entre;6 - 12;mois;;;;;;;;;FALSE;FALSE;Statut : à valider
https://refugies.info/fr/dispositif/63a09096e05318191f09690f;Avoir le niveau de fin de lycée<br>;;Environ;1;semestres;Exactement;18;heures;semaine;;Avoir le niveau de fin de lycée;Primo-arrivants, Demandeurs d'asile, Réfugiés statutaires, Bénéficiaires de la protection subsidiaire, Bénéficiaires de la protection temporaire, Apatrides;;FALSE;FALSE;
https://refugies.info/fr/dispositif/63a09096e05318191f096915;9 mois;Avoir le niveau de fin de lycée;Exactement;9;mois;Exactement;15;heures;semaine;;Avoir le niveau de fin de lycée;Primo-arrivants, Demandeurs d'asile, Réfugiés statutaires, Bénéficiaires de la protection subsidiaire, Bénéficiaires de la protection temporaire, Apatrides;;FALSE;FALSE;
https://refugies.info/fr/dispositif/63a09096e05318191f09691a;Avoir le niveau de fin de lycée<br>;;;;;;;;;;Avoir le niveau de fin de lycée;;;FALSE;FALSE;Statut : à valider
https://refugies.info/fr/dispositif/6410aba31b89b9a623077d47;1 à 2 mois;Compte bancaire;;;;;;;;;;;;FALSE;FALSE;Statut : supprimé
https://refugies.info/fr/dispositif/641c5505970d51050514a4a1;indéterminé;;;;;;;;;;;;;TRUE;FALSE;Statut : à valider
https://refugies.info/fr/dispositif/63e222deb3f56e1b46c2f2b0;1 ou plusieurs séances<br>;;Minimum;1;séances;;;;;;;;Femmes;FALSE;FALSE;Statut : sans structure
